{"tilemap": {"15;12": {"type": "grass", "variant": 1, "pos": [15, 12]}, "16;12": {"type": "grass", "variant": 1, "pos": [16, 12]}, "17;12": {"type": "grass", "variant": 1, "pos": [17, 12]}, "17;13": {"type": "grass", "variant": 8, "pos": [17, 13]}, "16;13": {"type": "grass", "variant": 8, "pos": [16, 13]}, "15;13": {"type": "grass", "variant": 8, "pos": [15, 13]}, "14;13": {"type": "grass", "variant": 8, "pos": [14, 13]}, "14;12": {"type": "grass", "variant": 1, "pos": [14, 12]}, "13;12": {"type": "grass", "variant": 1, "pos": [13, 12]}, "18;12": {"type": "grass", "variant": 1, "pos": [18, 12]}, "19;12": {"type": "grass", "variant": 1, "pos": [19, 12]}, "19;13": {"type": "grass", "variant": 8, "pos": [19, 13]}, "18;13": {"type": "grass", "variant": 8, "pos": [18, 13]}, "13;13": {"type": "grass", "variant": 8, "pos": [13, 13]}, "14;14": {"type": "grass", "variant": 8, "pos": [14, 14]}, "15;14": {"type": "grass", "variant": 8, "pos": [15, 14]}, "16;14": {"type": "grass", "variant": 8, "pos": [16, 14]}, "17;14": {"type": "grass", "variant": 8, "pos": [17, 14]}, "18;14": {"type": "grass", "variant": 8, "pos": [18, 14]}, "12;13": {"type": "grass", "variant": 8, "pos": [12, 13]}, "12;12": {"type": "grass", "variant": 1, "pos": [12, 12]}, "11;12": {"type": "grass", "variant": 1, "pos": [11, 12]}, "11;13": {"type": "grass", "variant": 8, "pos": [11, 13]}, "13;14": {"type": "grass", "variant": 8, "pos": [13, 14]}, "14;15": {"type": "grass", "variant": 5, "pos": [14, 15]}, "12;14": {"type": "grass", "variant": 8, "pos": [12, 14]}, "13;15": {"type": "grass", "variant": 5, "pos": [13, 15]}, "15;15": {"type": "grass", "variant": 5, "pos": [15, 15]}, "16;15": {"type": "grass", "variant": 5, "pos": [16, 15]}, "17;15": {"type": "grass", "variant": 5, "pos": [17, 15]}, "18;15": {"type": "grass", "variant": 5, "pos": [18, 15]}, "19;15": {"type": "grass", "variant": 5, "pos": [19, 15]}, "19;14": {"type": "grass", "variant": 8, "pos": [19, 14]}, "20;14": {"type": "grass", "variant": 8, "pos": [20, 14]}, "20;13": {"type": "grass", "variant": 8, "pos": [20, 13]}, "21;13": {"type": "grass", "variant": 8, "pos": [21, 13]}, "20;12": {"type": "grass", "variant": 1, "pos": [20, 12]}, "22;13": {"type": "grass", "variant": 8, "pos": [22, 13]}, "21;14": {"type": "grass", "variant": 8, "pos": [21, 14]}, "12;15": {"type": "grass", "variant": 6, "pos": [12, 15]}, "11;14": {"type": "grass", "variant": 5, "pos": [11, 14]}, "10;14": {"type": "grass", "variant": 5, "pos": [10, 14]}, "10;13": {"type": "grass", "variant": 8, "pos": [10, 13]}, "10;12": {"type": "grass", "variant": 0, "pos": [10, 12]}, "20;15": {"type": "grass", "variant": 5, "pos": [20, 15]}, "21;15": {"type": "grass", "variant": 5, "pos": [21, 15]}, "22;15": {"type": "grass", "variant": 4, "pos": [22, 15]}, "22;14": {"type": "grass", "variant": 8, "pos": [22, 14]}, "21;12": {"type": "grass", "variant": 1, "pos": [21, 12]}, "23;14": {"type": "grass", "variant": 5, "pos": [23, 14]}, "24;14": {"type": "grass", "variant": 4, "pos": [24, 14]}, "23;13": {"type": "grass", "variant": 8, "pos": [23, 13]}, "22;12": {"type": "grass", "variant": 1, "pos": [22, 12]}, "23;12": {"type": "grass", "variant": 2, "pos": [23, 12]}, "9;13": {"type": "grass", "variant": 0, "pos": [9, 13]}, "9;14": {"type": "grass", "variant": 6, "pos": [9, 14]}, "24;13": {"type": "grass", "variant": 2, "pos": [24, 13]}, "12;11": {"type": "decor", "variant": 1, "pos": [12, 11]}, "10;11": {"type": "decor", "variant": 1, "pos": [10, 11]}, "13;11": {"type": "decor", "variant": 1, "pos": [13, 11]}, "17;11": {"type": "decor", "variant": 2, "pos": [17, 11]}, "18;11": {"type": "decor", "variant": 2, "pos": [18, 11]}, "20;11": {"type": "decor", "variant": 1, "pos": [20, 11]}, "22;11": {"type": "decor", "variant": 1, "pos": [22, 11]}, "21;11": {"type": "decor", "variant": 0, "pos": [21, 11]}, "0;23": {"type": "grass", "variant": 6, "pos": [0, 23]}, "1;23": {"type": "grass", "variant": 5, "pos": [1, 23]}, "2;23": {"type": "grass", "variant": 5, "pos": [2, 23]}, "3;23": {"type": "grass", "variant": 5, "pos": [3, 23]}, "4;23": {"type": "grass", "variant": 5, "pos": [4, 23]}, "5;23": {"type": "grass", "variant": 5, "pos": [5, 23]}, "6;23": {"type": "grass", "variant": 1, "pos": [6, 23]}, "7;23": {"type": "grass", "variant": 1, "pos": [7, 23]}, "8;23": {"type": "grass", "variant": 1, "pos": [8, 23]}, "9;23": {"type": "grass", "variant": 1, "pos": [9, 23]}, "10;23": {"type": "grass", "variant": 1, "pos": [10, 23]}, "11;23": {"type": "grass", "variant": 1, "pos": [11, 23]}, "12;23": {"type": "grass", "variant": 1, "pos": [12, 23]}, "13;23": {"type": "grass", "variant": 1, "pos": [13, 23]}, "14;23": {"type": "grass", "variant": 1, "pos": [14, 23]}, "15;23": {"type": "grass", "variant": 1, "pos": [15, 23]}, "16;23": {"type": "grass", "variant": 1, "pos": [16, 23]}, "17;23": {"type": "grass", "variant": 1, "pos": [17, 23]}, "18;23": {"type": "grass", "variant": 1, "pos": [18, 23]}, "19;23": {"type": "grass", "variant": 1, "pos": [19, 23]}, "20;23": {"type": "grass", "variant": 1, "pos": [20, 23]}, "21;23": {"type": "grass", "variant": 1, "pos": [21, 23]}, "22;23": {"type": "grass", "variant": 1, "pos": [22, 23]}, "23;23": {"type": "grass", "variant": 5, "pos": [23, 23]}, "24;23": {"type": "grass", "variant": 5, "pos": [24, 23]}, "25;23": {"type": "grass", "variant": 5, "pos": [25, 23]}, "26;23": {"type": "grass", "variant": 5, "pos": [26, 23]}, "27;23": {"type": "grass", "variant": 5, "pos": [27, 23]}, "28;23": {"type": "grass", "variant": 5, "pos": [28, 23]}, "29;23": {"type": "grass", "variant": 5, "pos": [29, 23]}, "30;23": {"type": "grass", "variant": 5, "pos": [30, 23]}, "31;23": {"type": "grass", "variant": 4, "pos": [31, 23]}, "0;22": {"type": "grass", "variant": 7, "pos": [0, 22]}, "1;22": {"type": "grass", "variant": 8, "pos": [1, 22]}, "2;22": {"type": "grass", "variant": 8, "pos": [2, 22]}, "3;22": {"type": "grass", "variant": 8, "pos": [3, 22]}, "4;22": {"type": "grass", "variant": 8, "pos": [4, 22]}, "5;22": {"type": "grass", "variant": 3, "pos": [5, 22]}, "5;21": {"type": "grass", "variant": 2, "pos": [5, 21]}, "4;21": {"type": "grass", "variant": 1, "pos": [4, 21]}, "3;21": {"type": "grass", "variant": 1, "pos": [3, 21]}, "2;21": {"type": "grass", "variant": 8, "pos": [2, 21]}, "1;21": {"type": "grass", "variant": 8, "pos": [1, 21]}, "0;21": {"type": "grass", "variant": 7, "pos": [0, 21]}, "0;20": {"type": "grass", "variant": 0, "pos": [0, 20]}, "1;20": {"type": "grass", "variant": 1, "pos": [1, 20]}, "2;20": {"type": "grass", "variant": 2, "pos": [2, 20]}, "23;22": {"type": "grass", "variant": 0, "pos": [23, 22]}, "24;22": {"type": "grass", "variant": 1, "pos": [24, 22]}, "25;22": {"type": "grass", "variant": 1, "pos": [25, 22]}, "26;22": {"type": "grass", "variant": 1, "pos": [26, 22]}, "27;22": {"type": "grass", "variant": 8, "pos": [27, 22]}, "28;22": {"type": "grass", "variant": 8, "pos": [28, 22]}, "29;22": {"type": "grass", "variant": 8, "pos": [29, 22]}, "30;22": {"type": "grass", "variant": 8, "pos": [30, 22]}, "31;22": {"type": "grass", "variant": 3, "pos": [31, 22]}, "31;21": {"type": "grass", "variant": 3, "pos": [31, 21]}, "30;21": {"type": "grass", "variant": 8, "pos": [30, 21]}, "29;21": {"type": "grass", "variant": 8, "pos": [29, 21]}, "28;21": {"type": "grass", "variant": 8, "pos": [28, 21]}, "27;21": {"type": "grass", "variant": 0, "pos": [27, 21]}, "28;20": {"type": "grass", "variant": 0, "pos": [28, 20]}, "29;20": {"type": "grass", "variant": 1, "pos": [29, 20]}, "30;20": {"type": "grass", "variant": 1, "pos": [30, 20]}, "31;20": {"type": "grass", "variant": 2, "pos": [31, 20]}, "30;19": {"type": "decor", "variant": 3, "pos": [30, 19]}}, "tile_size": 16, "offgrid": [{"type": "large_decor", "variant": 2, "pos": [161, 145]}, {"type": "large_decor", "variant": 2, "pos": [194, 146]}, {"type": "large_decor", "variant": 2, "pos": [281, 144]}, {"type": "large_decor", "variant": 2, "pos": [328, 147]}, {"type": "large_decor", "variant": 1, "pos": [148, 195]}, {"type": "large_decor", "variant": 1, "pos": [139, 209]}, {"type": "large_decor", "variant": 1, "pos": [139, 216]}, {"type": "large_decor", "variant": 1, "pos": [141, 224]}, {"type": "large_decor", "variant": 1, "pos": [143, 226]}, {"type": "large_decor", "variant": 1, "pos": [160, 228]}, {"type": "large_decor", "variant": 1, "pos": [175, 227]}, {"type": "large_decor", "variant": 1, "pos": [189, 236]}, {"type": "large_decor", "variant": 1, "pos": [140, 226]}, {"type": "large_decor", "variant": 1, "pos": [169, 176]}, {"type": "large_decor", "variant": 1, "pos": [224, 177]}, {"type": "decor", "variant": 0, "pos": [383, 192]}, {"type": "large_decor", "variant": 0, "pos": [350, 178]}, {"type": "spawners", "variant": 0, "pos": [258, 175]}, {"type": "spawners", "variant": 1, "pos": [303, 346]}, {"type": "spawners", "variant": 2, "pos": [64, 319]}, {"type": "spawners", "variant": 2, "pos": [23, 306]}]}