{"tilemap": {"15;12": {"type": "grass", "variant": 1, "pos": [15, 12]}, "16;12": {"type": "grass", "variant": 1, "pos": [16, 12]}, "16;13": {"type": "grass", "variant": 8, "pos": [16, 13]}, "15;13": {"type": "grass", "variant": 8, "pos": [15, 13]}, "14;12": {"type": "grass", "variant": 1, "pos": [14, 12]}, "17;12": {"type": "grass", "variant": 1, "pos": [17, 12]}, "17;13": {"type": "grass", "variant": 8, "pos": [17, 13]}, "14;13": {"type": "grass", "variant": 8, "pos": [14, 13]}, "13;12": {"type": "grass", "variant": 0, "pos": [13, 12]}, "13;13": {"type": "grass", "variant": 6, "pos": [13, 13]}, "18;13": {"type": "grass", "variant": 4, "pos": [18, 13]}, "18;12": {"type": "grass", "variant": 2, "pos": [18, 12]}, "17;14": {"type": "grass", "variant": 4, "pos": [17, 14]}, "16;14": {"type": "grass", "variant": 5, "pos": [16, 14]}, "15;14": {"type": "grass", "variant": 5, "pos": [15, 14]}, "14;14": {"type": "grass", "variant": 6, "pos": [14, 14]}, "23;15": {"type": "grass", "variant": 6, "pos": [23, 15]}, "24;15": {"type": "grass", "variant": 8, "pos": [24, 15]}, "25;15": {"type": "grass", "variant": 8, "pos": [25, 15]}, "26;15": {"type": "grass", "variant": 8, "pos": [26, 15]}, "25;14": {"type": "grass", "variant": 1, "pos": [25, 14]}, "24;14": {"type": "grass", "variant": 1, "pos": [24, 14]}, "23;14": {"type": "grass", "variant": 0, "pos": [23, 14]}, "27;15": {"type": "grass", "variant": 8, "pos": [27, 15]}, "27;14": {"type": "grass", "variant": 1, "pos": [27, 14]}, "26;14": {"type": "grass", "variant": 1, "pos": [26, 14]}, "26;16": {"type": "grass", "variant": 5, "pos": [26, 16]}, "25;16": {"type": "grass", "variant": 5, "pos": [25, 16]}, "24;16": {"type": "grass", "variant": 6, "pos": [24, 16]}, "27;16": {"type": "grass", "variant": 5, "pos": [27, 16]}, "28;16": {"type": "grass", "variant": 5, "pos": [28, 16]}, "28;15": {"type": "grass", "variant": 8, "pos": [28, 15]}, "29;15": {"type": "grass", "variant": 3, "pos": [29, 15]}, "29;14": {"type": "grass", "variant": 2, "pos": [29, 14]}, "28;14": {"type": "grass", "variant": 1, "pos": [28, 14]}, "29;16": {"type": "grass", "variant": 4, "pos": [29, 16]}, "33;13": {"type": "grass", "variant": 0, "pos": [33, 13]}, "33;14": {"type": "grass", "variant": 6, "pos": [33, 14]}, "34;14": {"type": "grass", "variant": 5, "pos": [34, 14]}, "35;14": {"type": "grass", "variant": 4, "pos": [35, 14]}, "35;13": {"type": "grass", "variant": 2, "pos": [35, 13]}, "34;13": {"type": "grass", "variant": 1, "pos": [34, 13]}, "39;12": {"type": "grass", "variant": 0, "pos": [39, 12]}, "40;12": {"type": "grass", "variant": 1, "pos": [40, 12]}, "41;12": {"type": "grass", "variant": 1, "pos": [41, 12]}, "41;13": {"type": "grass", "variant": 5, "pos": [41, 13]}, "40;13": {"type": "grass", "variant": 5, "pos": [40, 13]}, "42;12": {"type": "grass", "variant": 2, "pos": [42, 12]}, "42;13": {"type": "grass", "variant": 4, "pos": [42, 13]}, "39;13": {"type": "grass", "variant": 6, "pos": [39, 13]}, "46;10": {"type": "grass", "variant": 0, "pos": [46, 10]}, "47;10": {"type": "grass", "variant": 8, "pos": [47, 10]}, "47;9": {"type": "grass", "variant": 0, "pos": [47, 9]}, "48;9": {"type": "grass", "variant": 1, "pos": [48, 9]}, "48;10": {"type": "grass", "variant": 8, "pos": [48, 10]}, "49;10": {"type": "grass", "variant": 8, "pos": [49, 10]}, "50;10": {"type": "grass", "variant": 8, "pos": [50, 10]}, "51;9": {"type": "grass", "variant": 1, "pos": [51, 9]}, "50;9": {"type": "grass", "variant": 1, "pos": [50, 9]}, "49;9": {"type": "grass", "variant": 1, "pos": [49, 9]}, "51;10": {"type": "grass", "variant": 8, "pos": [51, 10]}, "52;10": {"type": "grass", "variant": 8, "pos": [52, 10]}, "52;11": {"type": "grass", "variant": 5, "pos": [52, 11]}, "51;11": {"type": "grass", "variant": 5, "pos": [51, 11]}, "50;11": {"type": "grass", "variant": 5, "pos": [50, 11]}, "49;11": {"type": "grass", "variant": 8, "pos": [49, 11]}, "48;11": {"type": "grass", "variant": 8, "pos": [48, 11]}, "47;11": {"type": "grass", "variant": 8, "pos": [47, 11]}, "46;11": {"type": "grass", "variant": 8, "pos": [46, 11]}, "52;9": {"type": "grass", "variant": 1, "pos": [52, 9]}, "53;9": {"type": "grass", "variant": 1, "pos": [53, 9]}, "53;10": {"type": "grass", "variant": 8, "pos": [53, 10]}, "45;11": {"type": "grass", "variant": 0, "pos": [45, 11]}, "46;12": {"type": "grass", "variant": 5, "pos": [46, 12]}, "47;12": {"type": "grass", "variant": 5, "pos": [47, 12]}, "48;12": {"type": "grass", "variant": 5, "pos": [48, 12]}, "49;12": {"type": "grass", "variant": 4, "pos": [49, 12]}, "45;12": {"type": "grass", "variant": 6, "pos": [45, 12]}, "53;11": {"type": "grass", "variant": 5, "pos": [53, 11]}, "54;11": {"type": "grass", "variant": 8, "pos": [54, 11]}, "54;12": {"type": "grass", "variant": 6, "pos": [54, 12]}, "55;12": {"type": "grass", "variant": 5, "pos": [55, 12]}, "56;12": {"type": "grass", "variant": 5, "pos": [56, 12]}, "56;11": {"type": "grass", "variant": 8, "pos": [56, 11]}, "56;10": {"type": "grass", "variant": 8, "pos": [56, 10]}, "55;10": {"type": "grass", "variant": 8, "pos": [55, 10]}, "54;10": {"type": "grass", "variant": 8, "pos": [54, 10]}, "54;9": {"type": "grass", "variant": 1, "pos": [54, 9]}, "55;9": {"type": "grass", "variant": 1, "pos": [55, 9]}, "55;11": {"type": "grass", "variant": 8, "pos": [55, 11]}, "56;9": {"type": "grass", "variant": 1, "pos": [56, 9]}, "57;9": {"type": "grass", "variant": 2, "pos": [57, 9]}, "58;10": {"type": "grass", "variant": 2, "pos": [58, 10]}, "57;10": {"type": "grass", "variant": 8, "pos": [57, 10]}, "57;11": {"type": "grass", "variant": 8, "pos": [57, 11]}, "57;12": {"type": "grass", "variant": 4, "pos": [57, 12]}, "58;11": {"type": "grass", "variant": 4, "pos": [58, 11]}, "61;19": {"type": "grass", "variant": 0, "pos": [61, 19]}, "61;20": {"type": "grass", "variant": 6, "pos": [61, 20]}, "62;20": {"type": "grass", "variant": 8, "pos": [62, 20]}, "63;20": {"type": "grass", "variant": 8, "pos": [63, 20]}, "64;20": {"type": "grass", "variant": 8, "pos": [64, 20]}, "65;20": {"type": "grass", "variant": 8, "pos": [65, 20]}, "65;19": {"type": "grass", "variant": 1, "pos": [65, 19]}, "64;19": {"type": "grass", "variant": 1, "pos": [64, 19]}, "63;19": {"type": "grass", "variant": 1, "pos": [63, 19]}, "62;19": {"type": "grass", "variant": 1, "pos": [62, 19]}, "64;21": {"type": "grass", "variant": 5, "pos": [64, 21]}, "65;21": {"type": "grass", "variant": 5, "pos": [65, 21]}, "66;21": {"type": "grass", "variant": 4, "pos": [66, 21]}, "66;20": {"type": "grass", "variant": 8, "pos": [66, 20]}, "67;20": {"type": "grass", "variant": 2, "pos": [67, 20]}, "66;19": {"type": "grass", "variant": 2, "pos": [66, 19]}, "63;21": {"type": "grass", "variant": 5, "pos": [63, 21]}, "62;21": {"type": "grass", "variant": 6, "pos": [62, 21]}, "71;20": {"type": "grass", "variant": 6, "pos": [71, 20]}, "71;19": {"type": "grass", "variant": 8, "pos": [71, 19]}, "72;19": {"type": "grass", "variant": 8, "pos": [72, 19]}, "72;18": {"type": "grass", "variant": 8, "pos": [72, 18]}, "72;17": {"type": "grass", "variant": 8, "pos": [72, 17]}, "72;16": {"type": "grass", "variant": 2, "pos": [72, 16]}, "73;17": {"type": "grass", "variant": 1, "pos": [73, 17]}, "73;18": {"type": "grass", "variant": 8, "pos": [73, 18]}, "73;19": {"type": "grass", "variant": 8, "pos": [73, 19]}, "74;19": {"type": "grass", "variant": 8, "pos": [74, 19]}, "74;18": {"type": "grass", "variant": 8, "pos": [74, 18]}, "75;17": {"type": "grass", "variant": 8, "pos": [75, 17]}, "75;16": {"type": "grass", "variant": 0, "pos": [75, 16]}, "76;16": {"type": "grass", "variant": 2, "pos": [76, 16]}, "71;18": {"type": "grass", "variant": 8, "pos": [71, 18]}, "74;17": {"type": "grass", "variant": 1, "pos": [74, 17]}, "76;17": {"type": "grass", "variant": 8, "pos": [76, 17]}, "75;18": {"type": "grass", "variant": 8, "pos": [75, 18]}, "76;18": {"type": "grass", "variant": 8, "pos": [76, 18]}, "77;18": {"type": "grass", "variant": 8, "pos": [77, 18]}, "76;19": {"type": "grass", "variant": 8, "pos": [76, 19]}, "75;19": {"type": "grass", "variant": 8, "pos": [75, 19]}, "75;20": {"type": "grass", "variant": 5, "pos": [75, 20]}, "74;20": {"type": "grass", "variant": 5, "pos": [74, 20]}, "73;20": {"type": "grass", "variant": 5, "pos": [73, 20]}, "70;19": {"type": "grass", "variant": 6, "pos": [70, 19]}, "70;18": {"type": "grass", "variant": 0, "pos": [70, 18]}, "72;20": {"type": "grass", "variant": 5, "pos": [72, 20]}, "71;17": {"type": "grass", "variant": 7, "pos": [71, 17]}, "71;16": {"type": "grass", "variant": 0, "pos": [71, 16]}, "75;7": {"type": "grass", "variant": 0, "pos": [75, 7]}, "75;8": {"type": "grass", "variant": 6, "pos": [75, 8]}, "76;8": {"type": "grass", "variant": 5, "pos": [76, 8]}, "76;7": {"type": "grass", "variant": 8, "pos": [76, 7]}, "77;7": {"type": "grass", "variant": 8, "pos": [77, 7]}, "77;6": {"type": "grass", "variant": 1, "pos": [77, 6]}, "78;6": {"type": "grass", "variant": 2, "pos": [78, 6]}, "78;7": {"type": "grass", "variant": 8, "pos": [78, 7]}, "79;7": {"type": "grass", "variant": 2, "pos": [79, 7]}, "79;8": {"type": "grass", "variant": 4, "pos": [79, 8]}, "78;8": {"type": "grass", "variant": 5, "pos": [78, 8]}, "77;8": {"type": "grass", "variant": 5, "pos": [77, 8]}, "76;6": {"type": "grass", "variant": 0, "pos": [76, 6]}, "81;15": {"type": "grass", "variant": 0, "pos": [81, 15]}, "81;16": {"type": "grass", "variant": 6, "pos": [81, 16]}, "82;16": {"type": "grass", "variant": 8, "pos": [82, 16]}, "82;15": {"type": "grass", "variant": 1, "pos": [82, 15]}, "83;15": {"type": "grass", "variant": 1, "pos": [83, 15]}, "84;15": {"type": "grass", "variant": 2, "pos": [84, 15]}, "84;16": {"type": "grass", "variant": 4, "pos": [84, 16]}, "83;16": {"type": "grass", "variant": 8, "pos": [83, 16]}, "83;17": {"type": "grass", "variant": 4, "pos": [83, 17]}, "82;17": {"type": "grass", "variant": 6, "pos": [82, 17]}, "48;8": {"type": "decor", "variant": 0, "pos": [48, 8]}, "58;9": {"type": "decor", "variant": 0, "pos": [58, 9]}, "49;8": {"type": "decor", "variant": 1, "pos": [49, 8]}, "50;8": {"type": "decor", "variant": 2, "pos": [50, 8]}, "51;8": {"type": "decor", "variant": 2, "pos": [51, 8]}, "52;8": {"type": "decor", "variant": 1, "pos": [52, 8]}, "53;8": {"type": "decor", "variant": 1, "pos": [53, 8]}, "54;8": {"type": "decor", "variant": 2, "pos": [54, 8]}, "55;8": {"type": "decor", "variant": 1, "pos": [55, 8]}, "56;8": {"type": "decor", "variant": 2, "pos": [56, 8]}, "28;13": {"type": "decor", "variant": 2, "pos": [28, 13]}, "26;13": {"type": "decor", "variant": 2, "pos": [26, 13]}, "24;13": {"type": "decor", "variant": 2, "pos": [24, 13]}, "25;13": {"type": "decor", "variant": 1, "pos": [25, 13]}, "27;13": {"type": "decor", "variant": 1, "pos": [27, 13]}, "83;14": {"type": "decor", "variant": 3, "pos": [83, 14]}, "82;14": {"type": "decor", "variant": 1, "pos": [82, 14]}, "81;14": {"type": "decor", "variant": 1, "pos": [81, 14]}, "84;14": {"type": "decor", "variant": 1, "pos": [84, 14]}, "77;17": {"type": "grass", "variant": 1, "pos": [77, 17]}, "79;6": {"type": "decor", "variant": 1, "pos": [79, 6]}, "75;6": {"type": "decor", "variant": 1, "pos": [75, 6]}, "76;3": {"type": "large_decor", "variant": 2, "pos": [76, 3]}, "70;17": {"type": "large_decor", "variant": 0, "pos": [70, 17]}, "78;17": {"type": "grass", "variant": 8, "pos": [78, 17]}, "78;18": {"type": "grass", "variant": 3, "pos": [78, 18]}, "77;19": {"type": "grass", "variant": 5, "pos": [77, 19]}, "76;20": {"type": "grass", "variant": 4, "pos": [76, 20]}, "78;19": {"type": "grass", "variant": 4, "pos": [78, 19]}, "78;16": {"type": "grass", "variant": 0, "pos": [78, 16]}, "79;16": {"type": "grass", "variant": 2, "pos": [79, 16]}, "79;17": {"type": "grass", "variant": 4, "pos": [79, 17]}}, "tile_size": 16, "offgrid": [{"type": "large_decor", "variant": 2, "pos": [200, 145]}, {"type": "large_decor", "variant": 2, "pos": [260, 144]}, {"type": "large_decor", "variant": 2, "pos": [444, 176]}, {"type": "large_decor", "variant": 2, "pos": [398, 177]}, {"type": "large_decor", "variant": 2, "pos": [353, 176]}, {"type": "large_decor", "variant": 1, "pos": [528, 192]}, {"type": "large_decor", "variant": 0, "pos": [628, 176]}, {"type": "large_decor", "variant": 0, "pos": [653, 178]}, {"type": "large_decor", "variant": 0, "pos": [738, 144]}, {"type": "large_decor", "variant": 1, "pos": [720, 163]}, {"type": "large_decor", "variant": 1, "pos": [714, 178]}, {"type": "large_decor", "variant": 1, "pos": [715, 184]}, {"type": "large_decor", "variant": 1, "pos": [716, 191]}, {"type": "large_decor", "variant": 1, "pos": [773, 187]}, {"type": "large_decor", "variant": 1, "pos": [779, 181]}, {"type": "large_decor", "variant": 1, "pos": [802, 185]}, {"type": "large_decor", "variant": 1, "pos": [814, 181]}, {"type": "large_decor", "variant": 1, "pos": [836, 185]}, {"type": "large_decor", "variant": 1, "pos": [860, 186]}, {"type": "decor", "variant": 0, "pos": [558, 192]}, {"type": "large_decor", "variant": 1, "pos": [883, 128]}, {"type": "large_decor", "variant": 1, "pos": [836, 128]}, {"type": "large_decor", "variant": 0, "pos": [795, 128]}, {"type": "spawners", "variant": 0, "pos": [251, 175]}, {"type": "spawners", "variant": 1, "pos": [437, 202]}, {"type": "spawners", "variant": 2, "pos": [557, 178]}, {"type": "spawners", "variant": 1, "pos": [648, 170]}, {"type": "spawners", "variant": 1, "pos": [833, 122]}, {"type": "spawners", "variant": 2, "pos": [867, 128]}, {"type": "spawners", "variant": 2, "pos": [1176, 257]}, {"type": "spawners", "variant": 1, "pos": [991, 282]}, {"type": "spawners", "variant": 1, "pos": [1040, 282]}, {"type": "spawners", "variant": 1, "pos": [892, 122]}, {"type": "spawners", "variant": 1, "pos": [1205, 234]}]}