{"tilemap": {"15;12": {"type": "grass", "variant": 1, "pos": [15, 12]}, "16;12": {"type": "grass", "variant": 1, "pos": [16, 12]}, "17;12": {"type": "grass", "variant": 1, "pos": [17, 12]}, "17;13": {"type": "grass", "variant": 8, "pos": [17, 13]}, "16;13": {"type": "grass", "variant": 8, "pos": [16, 13]}, "15;13": {"type": "grass", "variant": 8, "pos": [15, 13]}, "14;13": {"type": "grass", "variant": 8, "pos": [14, 13]}, "13;12": {"type": "grass", "variant": 1, "pos": [13, 12]}, "12;12": {"type": "grass", "variant": 0, "pos": [12, 12]}, "14;12": {"type": "grass", "variant": 1, "pos": [14, 12]}, "18;12": {"type": "grass", "variant": 1, "pos": [18, 12]}, "19;12": {"type": "grass", "variant": 2, "pos": [19, 12]}, "19;13": {"type": "grass", "variant": 8, "pos": [19, 13]}, "18;13": {"type": "grass", "variant": 8, "pos": [18, 13]}, "18;14": {"type": "grass", "variant": 8, "pos": [18, 14]}, "17;14": {"type": "grass", "variant": 8, "pos": [17, 14]}, "16;14": {"type": "grass", "variant": 8, "pos": [16, 14]}, "15;14": {"type": "grass", "variant": 8, "pos": [15, 14]}, "14;14": {"type": "grass", "variant": 8, "pos": [14, 14]}, "13;14": {"type": "grass", "variant": 8, "pos": [13, 14]}, "12;13": {"type": "grass", "variant": 8, "pos": [12, 13]}, "13;13": {"type": "grass", "variant": 8, "pos": [13, 13]}, "19;14": {"type": "grass", "variant": 8, "pos": [19, 14]}, "20;14": {"type": "grass", "variant": 8, "pos": [20, 14]}, "21;14": {"type": "grass", "variant": 4, "pos": [21, 14]}, "20;15": {"type": "grass", "variant": 4, "pos": [20, 15]}, "19;15": {"type": "grass", "variant": 5, "pos": [19, 15]}, "18;15": {"type": "grass", "variant": 5, "pos": [18, 15]}, "17;15": {"type": "grass", "variant": 5, "pos": [17, 15]}, "16;15": {"type": "grass", "variant": 5, "pos": [16, 15]}, "15;15": {"type": "grass", "variant": 5, "pos": [15, 15]}, "14;15": {"type": "grass", "variant": 5, "pos": [14, 15]}, "13;15": {"type": "grass", "variant": 6, "pos": [13, 15]}, "12;14": {"type": "grass", "variant": 5, "pos": [12, 14]}, "20;13": {"type": "grass", "variant": 1, "pos": [20, 13]}, "11;14": {"type": "grass", "variant": 6, "pos": [11, 14]}, "11;13": {"type": "grass", "variant": 1, "pos": [11, 13]}, "10;13": {"type": "grass", "variant": 0, "pos": [10, 13]}, "21;13": {"type": "grass", "variant": 2, "pos": [21, 13]}, "24;12": {"type": "grass", "variant": 0, "pos": [24, 12]}, "25;12": {"type": "grass", "variant": 5, "pos": [25, 12]}, "26;12": {"type": "grass", "variant": 8, "pos": [26, 12]}, "26;11": {"type": "grass", "variant": 1, "pos": [26, 11]}, "25;11": {"type": "grass", "variant": 0, "pos": [25, 11]}, "27;11": {"type": "grass", "variant": 8, "pos": [27, 11]}, "27;10": {"type": "grass", "variant": 0, "pos": [27, 10]}, "28;10": {"type": "grass", "variant": 1, "pos": [28, 10]}, "28;11": {"type": "grass", "variant": 8, "pos": [28, 11]}, "29;11": {"type": "grass", "variant": 8, "pos": [29, 11]}, "27;12": {"type": "grass", "variant": 8, "pos": [27, 12]}, "29;10": {"type": "grass", "variant": 8, "pos": [29, 10]}, "29;9": {"type": "grass", "variant": 0, "pos": [29, 9]}, "30;9": {"type": "grass", "variant": 1, "pos": [30, 9]}, "30;10": {"type": "grass", "variant": 8, "pos": [30, 10]}, "29;12": {"type": "grass", "variant": 8, "pos": [29, 12]}, "28;12": {"type": "grass", "variant": 8, "pos": [28, 12]}, "30;11": {"type": "grass", "variant": 8, "pos": [30, 11]}, "31;10": {"type": "grass", "variant": 8, "pos": [31, 10]}, "32;10": {"type": "grass", "variant": 8, "pos": [32, 10]}, "32;11": {"type": "grass", "variant": 8, "pos": [32, 11]}, "31;11": {"type": "grass", "variant": 8, "pos": [31, 11]}, "31;12": {"type": "grass", "variant": 8, "pos": [31, 12]}, "30;12": {"type": "grass", "variant": 8, "pos": [30, 12]}, "29;13": {"type": "grass", "variant": 8, "pos": [29, 13]}, "28;13": {"type": "grass", "variant": 8, "pos": [28, 13]}, "30;13": {"type": "grass", "variant": 8, "pos": [30, 13]}, "31;13": {"type": "grass", "variant": 4, "pos": [31, 13]}, "26;13": {"type": "grass", "variant": 6, "pos": [26, 13]}, "27;13": {"type": "grass", "variant": 8, "pos": [27, 13]}, "27;14": {"type": "grass", "variant": 6, "pos": [27, 14]}, "28;14": {"type": "grass", "variant": 5, "pos": [28, 14]}, "29;14": {"type": "grass", "variant": 5, "pos": [29, 14]}, "30;14": {"type": "grass", "variant": 4, "pos": [30, 14]}, "31;9": {"type": "grass", "variant": 8, "pos": [31, 9]}, "31;8": {"type": "grass", "variant": 0, "pos": [31, 8]}, "32;8": {"type": "grass", "variant": 1, "pos": [32, 8]}, "32;9": {"type": "grass", "variant": 8, "pos": [32, 9]}, "33;9": {"type": "grass", "variant": 8, "pos": [33, 9]}, "33;8": {"type": "grass", "variant": 8, "pos": [33, 8]}, "33;7": {"type": "grass", "variant": 0, "pos": [33, 7]}, "34;8": {"type": "grass", "variant": 8, "pos": [34, 8]}, "33;10": {"type": "grass", "variant": 8, "pos": [33, 10]}, "33;11": {"type": "grass", "variant": 8, "pos": [33, 11]}, "34;10": {"type": "grass", "variant": 8, "pos": [34, 10]}, "34;9": {"type": "grass", "variant": 8, "pos": [34, 9]}, "35;9": {"type": "grass", "variant": 8, "pos": [35, 9]}, "35;10": {"type": "grass", "variant": 5, "pos": [35, 10]}, "34;11": {"type": "grass", "variant": 4, "pos": [34, 11]}, "33;12": {"type": "grass", "variant": 4, "pos": [33, 12]}, "32;12": {"type": "grass", "variant": 5, "pos": [32, 12]}, "36;10": {"type": "grass", "variant": 5, "pos": [36, 10]}, "37;11": {"type": "grass", "variant": 6, "pos": [37, 11]}, "38;11": {"type": "grass", "variant": 8, "pos": [38, 11]}, "38;12": {"type": "grass", "variant": 6, "pos": [38, 12]}, "39;12": {"type": "grass", "variant": 8, "pos": [39, 12]}, "39;13": {"type": "grass", "variant": 6, "pos": [39, 13]}, "40;13": {"type": "grass", "variant": 5, "pos": [40, 13]}, "41;13": {"type": "grass", "variant": 8, "pos": [41, 13]}, "41;14": {"type": "grass", "variant": 6, "pos": [41, 14]}, "39;11": {"type": "grass", "variant": 8, "pos": [39, 11]}, "38;10": {"type": "grass", "variant": 8, "pos": [38, 10]}, "37;10": {"type": "grass", "variant": 8, "pos": [37, 10]}, "37;9": {"type": "grass", "variant": 8, "pos": [37, 9]}, "36;9": {"type": "grass", "variant": 8, "pos": [36, 9]}, "35;8": {"type": "grass", "variant": 8, "pos": [35, 8]}, "34;7": {"type": "grass", "variant": 1, "pos": [34, 7]}, "35;7": {"type": "grass", "variant": 8, "pos": [35, 7]}, "36;7": {"type": "grass", "variant": 8, "pos": [36, 7]}, "37;8": {"type": "grass", "variant": 8, "pos": [37, 8]}, "36;8": {"type": "grass", "variant": 8, "pos": [36, 8]}, "35;6": {"type": "grass", "variant": 0, "pos": [35, 6]}, "36;6": {"type": "grass", "variant": 1, "pos": [36, 6]}, "37;6": {"type": "grass", "variant": 2, "pos": [37, 6]}, "37;7": {"type": "grass", "variant": 8, "pos": [37, 7]}, "38;7": {"type": "grass", "variant": 2, "pos": [38, 7]}, "38;8": {"type": "grass", "variant": 8, "pos": [38, 8]}, "39;8": {"type": "grass", "variant": 2, "pos": [39, 8]}, "39;9": {"type": "grass", "variant": 8, "pos": [39, 9]}, "39;10": {"type": "grass", "variant": 8, "pos": [39, 10]}, "40;11": {"type": "grass", "variant": 8, "pos": [40, 11]}, "41;11": {"type": "grass", "variant": 8, "pos": [41, 11]}, "41;12": {"type": "grass", "variant": 8, "pos": [41, 12]}, "40;12": {"type": "grass", "variant": 8, "pos": [40, 12]}, "38;9": {"type": "grass", "variant": 8, "pos": [38, 9]}, "40;9": {"type": "grass", "variant": 1, "pos": [40, 9]}, "41;9": {"type": "grass", "variant": 1, "pos": [41, 9]}, "42;9": {"type": "grass", "variant": 2, "pos": [42, 9]}, "42;10": {"type": "grass", "variant": 3, "pos": [42, 10]}, "41;10": {"type": "grass", "variant": 8, "pos": [41, 10]}, "40;10": {"type": "grass", "variant": 8, "pos": [40, 10]}, "42;11": {"type": "grass", "variant": 3, "pos": [42, 11]}, "42;12": {"type": "grass", "variant": 3, "pos": [42, 12]}, "42;13": {"type": "grass", "variant": 3, "pos": [42, 13]}, "42;14": {"type": "grass", "variant": 4, "pos": [42, 14]}, "41;5": {"type": "grass", "variant": 0, "pos": [41, 5]}, "42;5": {"type": "grass", "variant": 8, "pos": [42, 5]}, "43;5": {"type": "grass", "variant": 8, "pos": [43, 5]}, "44;5": {"type": "grass", "variant": 5, "pos": [44, 5]}, "43;4": {"type": "grass", "variant": 8, "pos": [43, 4]}, "42;4": {"type": "grass", "variant": 0, "pos": [42, 4]}, "44;4": {"type": "grass", "variant": 8, "pos": [44, 4]}, "44;3": {"type": "grass", "variant": 8, "pos": [44, 3]}, "43;3": {"type": "grass", "variant": 7, "pos": [43, 3]}, "43;2": {"type": "grass", "variant": 0, "pos": [43, 2]}, "44;2": {"type": "grass", "variant": 1, "pos": [44, 2]}, "45;2": {"type": "grass", "variant": 1, "pos": [45, 2]}, "45;3": {"type": "grass", "variant": 8, "pos": [45, 3]}, "46;3": {"type": "grass", "variant": 8, "pos": [46, 3]}, "46;4": {"type": "grass", "variant": 5, "pos": [46, 4]}, "45;4": {"type": "grass", "variant": 8, "pos": [45, 4]}, "45;5": {"type": "grass", "variant": 4, "pos": [45, 5]}, "46;2": {"type": "grass", "variant": 1, "pos": [46, 2]}, "47;2": {"type": "grass", "variant": 1, "pos": [47, 2]}, "47;3": {"type": "grass", "variant": 8, "pos": [47, 3]}, "47;4": {"type": "grass", "variant": 5, "pos": [47, 4]}, "48;4": {"type": "grass", "variant": 5, "pos": [48, 4]}, "48;3": {"type": "grass", "variant": 8, "pos": [48, 3]}, "49;3": {"type": "grass", "variant": 8, "pos": [49, 3]}, "49;2": {"type": "grass", "variant": 2, "pos": [49, 2]}, "48;2": {"type": "grass", "variant": 1, "pos": [48, 2]}, "49;4": {"type": "grass", "variant": 5, "pos": [49, 4]}, "50;4": {"type": "grass", "variant": 8, "pos": [50, 4]}, "51;4": {"type": "grass", "variant": 3, "pos": [51, 4]}, "51;5": {"type": "grass", "variant": 4, "pos": [51, 5]}, "50;5": {"type": "grass", "variant": 6, "pos": [50, 5]}, "50;3": {"type": "grass", "variant": 1, "pos": [50, 3]}, "51;3": {"type": "grass", "variant": 2, "pos": [51, 3]}, "54;1": {"type": "grass", "variant": 0, "pos": [54, 1]}, "55;1": {"type": "grass", "variant": 1, "pos": [55, 1]}, "56;1": {"type": "grass", "variant": 1, "pos": [56, 1]}, "57;1": {"type": "grass", "variant": 8, "pos": [57, 1]}, "57;0": {"type": "grass", "variant": 0, "pos": [57, 0]}, "58;0": {"type": "grass", "variant": 1, "pos": [58, 0]}, "58;1": {"type": "grass", "variant": 8, "pos": [58, 1]}, "57;2": {"type": "grass", "variant": 8, "pos": [57, 2]}, "56;2": {"type": "grass", "variant": 8, "pos": [56, 2]}, "55;2": {"type": "grass", "variant": 7, "pos": [55, 2]}, "56;3": {"type": "grass", "variant": 5, "pos": [56, 3]}, "57;3": {"type": "grass", "variant": 5, "pos": [57, 3]}, "55;3": {"type": "grass", "variant": 6, "pos": [55, 3]}, "58;2": {"type": "grass", "variant": 8, "pos": [58, 2]}, "59;2": {"type": "grass", "variant": 4, "pos": [59, 2]}, "58;3": {"type": "grass", "variant": 4, "pos": [58, 3]}, "59;1": {"type": "grass", "variant": 3, "pos": [59, 1]}, "59;0": {"type": "grass", "variant": 2, "pos": [59, 0]}, "63;-1": {"type": "grass", "variant": 5, "pos": [63, -1]}, "64;-1": {"type": "grass", "variant": 5, "pos": [64, -1]}, "65;-1": {"type": "grass", "variant": 5, "pos": [65, -1]}, "66;-2": {"type": "grass", "variant": 8, "pos": [66, -2]}, "67;-2": {"type": "grass", "variant": 8, "pos": [67, -2]}, "67;-3": {"type": "grass", "variant": 8, "pos": [67, -3]}, "66;-3": {"type": "grass", "variant": 8, "pos": [66, -3]}, "65;-2": {"type": "grass", "variant": 8, "pos": [65, -2]}, "64;-2": {"type": "grass", "variant": 1, "pos": [64, -2]}, "65;-3": {"type": "grass", "variant": 7, "pos": [65, -3]}, "65;-4": {"type": "grass", "variant": 0, "pos": [65, -4]}, "67;-1": {"type": "grass", "variant": 4, "pos": [67, -1]}, "66;-1": {"type": "grass", "variant": 5, "pos": [66, -1]}, "68;-2": {"type": "grass", "variant": 4, "pos": [68, -2]}, "68;-3": {"type": "grass", "variant": 2, "pos": [68, -3]}, "66;-4": {"type": "grass", "variant": 1, "pos": [66, -4]}, "67;-4": {"type": "grass", "variant": 2, "pos": [67, -4]}, "61;7": {"type": "grass", "variant": 6, "pos": [61, 7]}, "62;7": {"type": "grass", "variant": 5, "pos": [62, 7]}, "63;7": {"type": "grass", "variant": 8, "pos": [63, 7]}, "64;7": {"type": "grass", "variant": 8, "pos": [64, 7]}, "65;7": {"type": "grass", "variant": 8, "pos": [65, 7]}, "65;6": {"type": "grass", "variant": 1, "pos": [65, 6]}, "64;6": {"type": "grass", "variant": 1, "pos": [64, 6]}, "63;6": {"type": "grass", "variant": 1, "pos": [63, 6]}, "62;6": {"type": "grass", "variant": 1, "pos": [62, 6]}, "61;6": {"type": "grass", "variant": 0, "pos": [61, 6]}, "66;6": {"type": "grass", "variant": 1, "pos": [66, 6]}, "67;6": {"type": "grass", "variant": 1, "pos": [67, 6]}, "68;6": {"type": "grass", "variant": 2, "pos": [68, 6]}, "68;7": {"type": "grass", "variant": 3, "pos": [68, 7]}, "68;8": {"type": "grass", "variant": 4, "pos": [68, 8]}, "67;8": {"type": "grass", "variant": 8, "pos": [67, 8]}, "66;8": {"type": "grass", "variant": 8, "pos": [66, 8]}, "65;8": {"type": "grass", "variant": 8, "pos": [65, 8]}, "64;8": {"type": "grass", "variant": 8, "pos": [64, 8]}, "63;8": {"type": "grass", "variant": 6, "pos": [63, 8]}, "64;9": {"type": "grass", "variant": 6, "pos": [64, 9]}, "65;9": {"type": "grass", "variant": 5, "pos": [65, 9]}, "67;7": {"type": "grass", "variant": 8, "pos": [67, 7]}, "66;7": {"type": "grass", "variant": 8, "pos": [66, 7]}, "66;9": {"type": "grass", "variant": 5, "pos": [66, 9]}, "67;9": {"type": "grass", "variant": 4, "pos": [67, 9]}, "62;-1": {"type": "grass", "variant": 6, "pos": [62, -1]}, "62;-2": {"type": "grass", "variant": 0, "pos": [62, -2]}, "63;-2": {"type": "grass", "variant": 1, "pos": [63, -2]}, "71;-3": {"type": "grass", "variant": 0, "pos": [71, -3]}, "72;-3": {"type": "grass", "variant": 1, "pos": [72, -3]}, "73;-3": {"type": "grass", "variant": 1, "pos": [73, -3]}, "73;-2": {"type": "grass", "variant": 8, "pos": [73, -2]}, "72;-2": {"type": "grass", "variant": 8, "pos": [72, -2]}, "72;-1": {"type": "grass", "variant": 5, "pos": [72, -1]}, "71;-1": {"type": "grass", "variant": 6, "pos": [71, -1]}, "71;-2": {"type": "grass", "variant": 7, "pos": [71, -2]}, "74;-3": {"type": "grass", "variant": 1, "pos": [74, -3]}, "74;-2": {"type": "grass", "variant": 8, "pos": [74, -2]}, "75;-2": {"type": "grass", "variant": 8, "pos": [75, -2]}, "74;-1": {"type": "grass", "variant": 5, "pos": [74, -1]}, "73;-1": {"type": "grass", "variant": 5, "pos": [73, -1]}, "75;-3": {"type": "grass", "variant": 2, "pos": [75, -3]}, "76;-2": {"type": "grass", "variant": 2, "pos": [76, -2]}, "76;-1": {"type": "grass", "variant": 4, "pos": [76, -1]}, "75;-1": {"type": "grass", "variant": 5, "pos": [75, -1]}, "81;-3": {"type": "grass", "variant": 0, "pos": [81, -3]}, "81;-2": {"type": "grass", "variant": 8, "pos": [81, -2]}, "82;-2": {"type": "grass", "variant": 8, "pos": [82, -2]}, "82;-3": {"type": "grass", "variant": 2, "pos": [82, -3]}, "82;-1": {"type": "grass", "variant": 5, "pos": [82, -1]}, "81;-1": {"type": "grass", "variant": 5, "pos": [81, -1]}, "83;-1": {"type": "grass", "variant": 8, "pos": [83, -1]}, "84;-1": {"type": "grass", "variant": 8, "pos": [84, -1]}, "85;-1": {"type": "grass", "variant": 8, "pos": [85, -1]}, "86;-1": {"type": "grass", "variant": 8, "pos": [86, -1]}, "87;-1": {"type": "grass", "variant": 8, "pos": [87, -1]}, "87;-2": {"type": "grass", "variant": 1, "pos": [87, -2]}, "88;-2": {"type": "grass", "variant": 8, "pos": [88, -2]}, "89;-2": {"type": "grass", "variant": 8, "pos": [89, -2]}, "86;-2": {"type": "grass", "variant": 1, "pos": [86, -2]}, "85;-2": {"type": "grass", "variant": 1, "pos": [85, -2]}, "84;-2": {"type": "grass", "variant": 1, "pos": [84, -2]}, "83;-2": {"type": "grass", "variant": 1, "pos": [83, -2]}, "88;-1": {"type": "grass", "variant": 8, "pos": [88, -1]}, "88;0": {"type": "grass", "variant": 5, "pos": [88, 0]}, "89;0": {"type": "grass", "variant": 4, "pos": [89, 0]}, "89;-1": {"type": "grass", "variant": 3, "pos": [89, -1]}, "90;-2": {"type": "grass", "variant": 4, "pos": [90, -2]}, "89;-3": {"type": "grass", "variant": 1, "pos": [89, -3]}, "88;-3": {"type": "grass", "variant": 0, "pos": [88, -3]}, "90;-3": {"type": "grass", "variant": 2, "pos": [90, -3]}, "85;0": {"type": "grass", "variant": 5, "pos": [85, 0]}, "84;0": {"type": "grass", "variant": 5, "pos": [84, 0]}, "83;0": {"type": "grass", "variant": 6, "pos": [83, 0]}, "86;0": {"type": "grass", "variant": 5, "pos": [86, 0]}, "87;0": {"type": "grass", "variant": 5, "pos": [87, 0]}, "94;-3": {"type": "grass", "variant": 0, "pos": [94, -3]}, "95;-3": {"type": "grass", "variant": 1, "pos": [95, -3]}, "96;-3": {"type": "grass", "variant": 1, "pos": [96, -3]}, "96;-2": {"type": "grass", "variant": 8, "pos": [96, -2]}, "95;-2": {"type": "grass", "variant": 8, "pos": [95, -2]}, "94;-2": {"type": "grass", "variant": 6, "pos": [94, -2]}, "97;-3": {"type": "grass", "variant": 1, "pos": [97, -3]}, "97;-2": {"type": "grass", "variant": 8, "pos": [97, -2]}, "95;-1": {"type": "grass", "variant": 6, "pos": [95, -1]}, "96;-1": {"type": "grass", "variant": 8, "pos": [96, -1]}, "97;-1": {"type": "grass", "variant": 8, "pos": [97, -1]}, "97;0": {"type": "grass", "variant": 8, "pos": [97, 0]}, "96;0": {"type": "grass", "variant": 7, "pos": [96, 0]}, "97;1": {"type": "grass", "variant": 8, "pos": [97, 1]}, "98;1": {"type": "grass", "variant": 8, "pos": [98, 1]}, "98;2": {"type": "grass", "variant": 8, "pos": [98, 2]}, "98;0": {"type": "grass", "variant": 8, "pos": [98, 0]}, "98;-1": {"type": "grass", "variant": 8, "pos": [98, -1]}, "98;-2": {"type": "grass", "variant": 8, "pos": [98, -2]}, "98;-3": {"type": "grass", "variant": 1, "pos": [98, -3]}, "99;-3": {"type": "grass", "variant": 2, "pos": [99, -3]}, "99;-2": {"type": "grass", "variant": 3, "pos": [99, -2]}, "99;-1": {"type": "grass", "variant": 3, "pos": [99, -1]}, "99;0": {"type": "grass", "variant": 3, "pos": [99, 0]}, "99;1": {"type": "grass", "variant": 3, "pos": [99, 1]}, "99;2": {"type": "grass", "variant": 3, "pos": [99, 2]}, "99;3": {"type": "grass", "variant": 3, "pos": [99, 3]}, "98;3": {"type": "grass", "variant": 8, "pos": [98, 3]}, "98;4": {"type": "grass", "variant": 7, "pos": [98, 4]}, "99;4": {"type": "grass", "variant": 3, "pos": [99, 4]}, "99;5": {"type": "grass", "variant": 3, "pos": [99, 5]}, "98;5": {"type": "grass", "variant": 7, "pos": [98, 5]}, "98;6": {"type": "grass", "variant": 6, "pos": [98, 6]}, "99;6": {"type": "grass", "variant": 4, "pos": [99, 6]}, "103;-3": {"type": "grass", "variant": 0, "pos": [103, -3]}, "104;-3": {"type": "grass", "variant": 1, "pos": [104, -3]}, "105;-3": {"type": "grass", "variant": 1, "pos": [105, -3]}, "106;-3": {"type": "grass", "variant": 1, "pos": [106, -3]}, "106;-2": {"type": "grass", "variant": 8, "pos": [106, -2]}, "105;-2": {"type": "grass", "variant": 8, "pos": [105, -2]}, "104;-2": {"type": "grass", "variant": 8, "pos": [104, -2]}, "107;-2": {"type": "grass", "variant": 3, "pos": [107, -2]}, "107;-3": {"type": "grass", "variant": 1, "pos": [107, -3]}, "108;-3": {"type": "grass", "variant": 2, "pos": [108, -3]}, "105;-1": {"type": "grass", "variant": 8, "pos": [105, -1]}, "104;-1": {"type": "grass", "variant": 8, "pos": [104, -1]}, "103;-2": {"type": "grass", "variant": 7, "pos": [103, -2]}, "105;0": {"type": "grass", "variant": 8, "pos": [105, 0]}, "106;0": {"type": "grass", "variant": 8, "pos": [106, 0]}, "106;-1": {"type": "grass", "variant": 8, "pos": [106, -1]}, "103;-1": {"type": "grass", "variant": 7, "pos": [103, -1]}, "103;0": {"type": "grass", "variant": 7, "pos": [103, 0]}, "103;1": {"type": "grass", "variant": 7, "pos": [103, 1]}, "104;1": {"type": "grass", "variant": 8, "pos": [104, 1]}, "104;2": {"type": "grass", "variant": 8, "pos": [104, 2]}, "104;3": {"type": "grass", "variant": 8, "pos": [104, 3]}, "104;4": {"type": "grass", "variant": 8, "pos": [104, 4]}, "103;4": {"type": "grass", "variant": 7, "pos": [103, 4]}, "103;5": {"type": "grass", "variant": 7, "pos": [103, 5]}, "103;2": {"type": "grass", "variant": 7, "pos": [103, 2]}, "103;3": {"type": "grass", "variant": 7, "pos": [103, 3]}, "104;5": {"type": "grass", "variant": 3, "pos": [104, 5]}, "105;1": {"type": "grass", "variant": 8, "pos": [105, 1]}, "104;0": {"type": "grass", "variant": 8, "pos": [104, 0]}, "106;1": {"type": "grass", "variant": 3, "pos": [106, 1]}, "106;2": {"type": "grass", "variant": 3, "pos": [106, 2]}, "106;3": {"type": "grass", "variant": 4, "pos": [106, 3]}, "105;3": {"type": "grass", "variant": 8, "pos": [105, 3]}, "105;4": {"type": "grass", "variant": 4, "pos": [105, 4]}, "105;2": {"type": "grass", "variant": 8, "pos": [105, 2]}, "107;0": {"type": "grass", "variant": 4, "pos": [107, 0]}, "107;-1": {"type": "grass", "variant": 3, "pos": [107, -1]}, "104;6": {"type": "grass", "variant": 4, "pos": [104, 6]}, "103;6": {"type": "grass", "variant": 6, "pos": [103, 6]}, "97;3": {"type": "grass", "variant": 6, "pos": [97, 3]}, "97;2": {"type": "grass", "variant": 7, "pos": [97, 2]}, "96;1": {"type": "grass", "variant": 6, "pos": [96, 1]}, "97;9": {"type": "grass", "variant": 0, "pos": [97, 9]}, "98;9": {"type": "grass", "variant": 1, "pos": [98, 9]}, "99;9": {"type": "grass", "variant": 1, "pos": [99, 9]}, "100;9": {"type": "grass", "variant": 1, "pos": [100, 9]}, "101;9": {"type": "grass", "variant": 1, "pos": [101, 9]}, "102;9": {"type": "grass", "variant": 1, "pos": [102, 9]}, "103;9": {"type": "grass", "variant": 1, "pos": [103, 9]}, "104;9": {"type": "grass", "variant": 1, "pos": [104, 9]}, "104;10": {"type": "grass", "variant": 8, "pos": [104, 10]}, "105;10": {"type": "grass", "variant": 8, "pos": [105, 10]}, "105;11": {"type": "grass", "variant": 4, "pos": [105, 11]}, "104;11": {"type": "grass", "variant": 8, "pos": [104, 11]}, "103;11": {"type": "grass", "variant": 8, "pos": [103, 11]}, "102;11": {"type": "grass", "variant": 8, "pos": [102, 11]}, "101;11": {"type": "grass", "variant": 8, "pos": [101, 11]}, "100;11": {"type": "grass", "variant": 8, "pos": [100, 11]}, "100;10": {"type": "grass", "variant": 8, "pos": [100, 10]}, "99;10": {"type": "grass", "variant": 8, "pos": [99, 10]}, "98;10": {"type": "grass", "variant": 8, "pos": [98, 10]}, "101;10": {"type": "grass", "variant": 8, "pos": [101, 10]}, "102;10": {"type": "grass", "variant": 8, "pos": [102, 10]}, "103;10": {"type": "grass", "variant": 8, "pos": [103, 10]}, "105;9": {"type": "grass", "variant": 1, "pos": [105, 9]}, "99;12": {"type": "grass", "variant": 5, "pos": [99, 12]}, "98;12": {"type": "grass", "variant": 6, "pos": [98, 12]}, "98;11": {"type": "grass", "variant": 8, "pos": [98, 11]}, "99;11": {"type": "grass", "variant": 8, "pos": [99, 11]}, "97;10": {"type": "grass", "variant": 7, "pos": [97, 10]}, "97;11": {"type": "grass", "variant": 6, "pos": [97, 11]}, "100;12": {"type": "grass", "variant": 5, "pos": [100, 12]}, "101;12": {"type": "grass", "variant": 5, "pos": [101, 12]}, "102;12": {"type": "grass", "variant": 5, "pos": [102, 12]}, "103;12": {"type": "grass", "variant": 5, "pos": [103, 12]}, "104;12": {"type": "grass", "variant": 4, "pos": [104, 12]}, "106;10": {"type": "grass", "variant": 4, "pos": [106, 10]}, "106;9": {"type": "grass", "variant": 2, "pos": [106, 9]}, "73;10": {"type": "grass", "variant": 0, "pos": [73, 10]}, "73;11": {"type": "grass", "variant": 6, "pos": [73, 11]}, "74;11": {"type": "grass", "variant": 8, "pos": [74, 11]}, "75;11": {"type": "grass", "variant": 8, "pos": [75, 11]}, "76;10": {"type": "grass", "variant": 8, "pos": [76, 10]}, "77;10": {"type": "grass", "variant": 8, "pos": [77, 10]}, "76;9": {"type": "grass", "variant": 1, "pos": [76, 9]}, "75;10": {"type": "grass", "variant": 8, "pos": [75, 10]}, "75;9": {"type": "grass", "variant": 1, "pos": [75, 9]}, "74;9": {"type": "grass", "variant": 0, "pos": [74, 9]}, "74;10": {"type": "grass", "variant": 8, "pos": [74, 10]}, "77;9": {"type": "grass", "variant": 2, "pos": [77, 9]}, "78;10": {"type": "grass", "variant": 2, "pos": [78, 10]}, "78;11": {"type": "grass", "variant": 8, "pos": [78, 11]}, "77;11": {"type": "grass", "variant": 8, "pos": [77, 11]}, "76;11": {"type": "grass", "variant": 8, "pos": [76, 11]}, "79;11": {"type": "grass", "variant": 1, "pos": [79, 11]}, "80;11": {"type": "grass", "variant": 2, "pos": [80, 11]}, "80;12": {"type": "grass", "variant": 4, "pos": [80, 12]}, "79;12": {"type": "grass", "variant": 5, "pos": [79, 12]}, "78;12": {"type": "grass", "variant": 8, "pos": [78, 12]}, "77;12": {"type": "grass", "variant": 8, "pos": [77, 12]}, "77;13": {"type": "grass", "variant": 5, "pos": [77, 13]}, "76;13": {"type": "grass", "variant": 5, "pos": [76, 13]}, "75;12": {"type": "grass", "variant": 8, "pos": [75, 12]}, "76;12": {"type": "grass", "variant": 8, "pos": [76, 12]}, "74;12": {"type": "grass", "variant": 6, "pos": [74, 12]}, "75;13": {"type": "grass", "variant": 6, "pos": [75, 13]}, "78;13": {"type": "grass", "variant": 4, "pos": [78, 13]}, "84;11": {"type": "grass", "variant": 0, "pos": [84, 11]}, "85;11": {"type": "grass", "variant": 8, "pos": [85, 11]}, "85;10": {"type": "grass", "variant": 0, "pos": [85, 10]}, "86;10": {"type": "grass", "variant": 1, "pos": [86, 10]}, "86;11": {"type": "grass", "variant": 8, "pos": [86, 11]}, "85;12": {"type": "grass", "variant": 8, "pos": [85, 12]}, "85;13": {"type": "grass", "variant": 6, "pos": [85, 13]}, "86;13": {"type": "grass", "variant": 5, "pos": [86, 13]}, "84;12": {"type": "grass", "variant": 6, "pos": [84, 12]}, "86;12": {"type": "grass", "variant": 8, "pos": [86, 12]}, "87;12": {"type": "grass", "variant": 8, "pos": [87, 12]}, "88;12": {"type": "grass", "variant": 8, "pos": [88, 12]}, "88;11": {"type": "grass", "variant": 8, "pos": [88, 11]}, "87;11": {"type": "grass", "variant": 8, "pos": [87, 11]}, "89;11": {"type": "grass", "variant": 8, "pos": [89, 11]}, "90;11": {"type": "grass", "variant": 8, "pos": [90, 11]}, "90;10": {"type": "grass", "variant": 8, "pos": [90, 10]}, "89;10": {"type": "grass", "variant": 8, "pos": [89, 10]}, "88;10": {"type": "grass", "variant": 1, "pos": [88, 10]}, "87;10": {"type": "grass", "variant": 1, "pos": [87, 10]}, "89;9": {"type": "grass", "variant": 0, "pos": [89, 9]}, "90;9": {"type": "grass", "variant": 1, "pos": [90, 9]}, "91;9": {"type": "grass", "variant": 1, "pos": [91, 9]}, "91;10": {"type": "grass", "variant": 8, "pos": [91, 10]}, "91;11": {"type": "grass", "variant": 8, "pos": [91, 11]}, "90;12": {"type": "grass", "variant": 5, "pos": [90, 12]}, "89;12": {"type": "grass", "variant": 5, "pos": [89, 12]}, "88;13": {"type": "grass", "variant": 4, "pos": [88, 13]}, "87;13": {"type": "grass", "variant": 5, "pos": [87, 13]}, "92;9": {"type": "grass", "variant": 2, "pos": [92, 9]}, "92;10": {"type": "grass", "variant": 8, "pos": [92, 10]}, "92;11": {"type": "grass", "variant": 8, "pos": [92, 11]}, "91;12": {"type": "grass", "variant": 5, "pos": [91, 12]}, "92;12": {"type": "grass", "variant": 4, "pos": [92, 12]}, "93;10": {"type": "grass", "variant": 2, "pos": [93, 10]}, "93;11": {"type": "grass", "variant": 4, "pos": [93, 11]}, "114;16": {"type": "grass", "variant": 8, "pos": [114, 16]}, "114;17": {"type": "grass", "variant": 8, "pos": [114, 17]}, "115;17": {"type": "grass", "variant": 8, "pos": [115, 17]}, "116;17": {"type": "grass", "variant": 8, "pos": [116, 17]}, "116;16": {"type": "grass", "variant": 8, "pos": [116, 16]}, "117;16": {"type": "grass", "variant": 8, "pos": [117, 16]}, "117;15": {"type": "grass", "variant": 1, "pos": [117, 15]}, "116;15": {"type": "grass", "variant": 8, "pos": [116, 15]}, "116;14": {"type": "grass", "variant": 2, "pos": [116, 14]}, "115;14": {"type": "grass", "variant": 0, "pos": [115, 14]}, "114;15": {"type": "grass", "variant": 1, "pos": [114, 15]}, "115;15": {"type": "grass", "variant": 8, "pos": [115, 15]}, "115;16": {"type": "grass", "variant": 8, "pos": [115, 16]}, "117;17": {"type": "grass", "variant": 8, "pos": [117, 17]}, "118;17": {"type": "grass", "variant": 8, "pos": [118, 17]}, "113;17": {"type": "grass", "variant": 8, "pos": [113, 17]}, "112;17": {"type": "grass", "variant": 6, "pos": [112, 17]}, "112;16": {"type": "grass", "variant": 7, "pos": [112, 16]}, "113;16": {"type": "grass", "variant": 8, "pos": [113, 16]}, "113;15": {"type": "grass", "variant": 1, "pos": [113, 15]}, "118;16": {"type": "grass", "variant": 8, "pos": [118, 16]}, "118;15": {"type": "grass", "variant": 1, "pos": [118, 15]}, "112;15": {"type": "grass", "variant": 0, "pos": [112, 15]}, "119;15": {"type": "grass", "variant": 1, "pos": [119, 15]}, "119;16": {"type": "grass", "variant": 8, "pos": [119, 16]}, "119;17": {"type": "grass", "variant": 8, "pos": [119, 17]}, "120;16": {"type": "grass", "variant": 8, "pos": [120, 16]}, "120;15": {"type": "grass", "variant": 1, "pos": [120, 15]}, "120;17": {"type": "grass", "variant": 8, "pos": [120, 17]}, "121;14": {"type": "grass", "variant": 0, "pos": [121, 14]}, "122;14": {"type": "grass", "variant": 2, "pos": [122, 14]}, "122;15": {"type": "grass", "variant": 8, "pos": [122, 15]}, "121;15": {"type": "grass", "variant": 8, "pos": [121, 15]}, "121;16": {"type": "grass", "variant": 8, "pos": [121, 16]}, "121;17": {"type": "grass", "variant": 8, "pos": [121, 17]}, "122;17": {"type": "grass", "variant": 8, "pos": [122, 17]}, "122;16": {"type": "grass", "variant": 8, "pos": [122, 16]}, "123;15": {"type": "grass", "variant": 1, "pos": [123, 15]}, "123;16": {"type": "grass", "variant": 8, "pos": [123, 16]}, "124;16": {"type": "grass", "variant": 8, "pos": [124, 16]}, "125;16": {"type": "grass", "variant": 8, "pos": [125, 16]}, "124;15": {"type": "grass", "variant": 1, "pos": [124, 15]}, "123;17": {"type": "grass", "variant": 8, "pos": [123, 17]}, "124;17": {"type": "grass", "variant": 8, "pos": [124, 17]}, "125;17": {"type": "grass", "variant": 8, "pos": [125, 17]}, "126;16": {"type": "grass", "variant": 8, "pos": [126, 16]}, "127;16": {"type": "grass", "variant": 8, "pos": [127, 16]}, "127;15": {"type": "grass", "variant": 1, "pos": [127, 15]}, "126;15": {"type": "grass", "variant": 1, "pos": [126, 15]}, "125;15": {"type": "grass", "variant": 1, "pos": [125, 15]}, "126;17": {"type": "grass", "variant": 8, "pos": [126, 17]}, "127;17": {"type": "grass", "variant": 8, "pos": [127, 17]}, "128;17": {"type": "grass", "variant": 8, "pos": [128, 17]}, "128;16": {"type": "grass", "variant": 8, "pos": [128, 16]}, "128;15": {"type": "grass", "variant": 1, "pos": [128, 15]}, "129;16": {"type": "grass", "variant": 8, "pos": [129, 16]}, "130;16": {"type": "grass", "variant": 8, "pos": [130, 16]}, "129;15": {"type": "grass", "variant": 1, "pos": [129, 15]}, "131;15": {"type": "grass", "variant": 8, "pos": [131, 15]}, "130;15": {"type": "grass", "variant": 1, "pos": [130, 15]}, "129;17": {"type": "grass", "variant": 8, "pos": [129, 17]}, "130;17": {"type": "grass", "variant": 8, "pos": [130, 17]}, "131;17": {"type": "grass", "variant": 8, "pos": [131, 17]}, "131;16": {"type": "grass", "variant": 8, "pos": [131, 16]}, "131;14": {"type": "grass", "variant": 7, "pos": [131, 14]}, "132;14": {"type": "grass", "variant": 8, "pos": [132, 14]}, "131;13": {"type": "grass", "variant": 0, "pos": [131, 13]}, "132;13": {"type": "grass", "variant": 1, "pos": [132, 13]}, "133;13": {"type": "grass", "variant": 2, "pos": [133, 13]}, "133;14": {"type": "grass", "variant": 3, "pos": [133, 14]}, "132;15": {"type": "grass", "variant": 8, "pos": [132, 15]}, "133;15": {"type": "grass", "variant": 8, "pos": [133, 15]}, "133;16": {"type": "grass", "variant": 8, "pos": [133, 16]}, "132;16": {"type": "grass", "variant": 8, "pos": [132, 16]}, "132;17": {"type": "grass", "variant": 8, "pos": [132, 17]}, "133;17": {"type": "grass", "variant": 8, "pos": [133, 17]}, "130;18": {"type": "grass", "variant": 8, "pos": [130, 18]}, "129;18": {"type": "grass", "variant": 8, "pos": [129, 18]}, "128;18": {"type": "grass", "variant": 8, "pos": [128, 18]}, "127;19": {"type": "grass", "variant": 8, "pos": [127, 19]}, "126;19": {"type": "grass", "variant": 8, "pos": [126, 19]}, "125;19": {"type": "grass", "variant": 8, "pos": [125, 19]}, "124;20": {"type": "grass", "variant": 8, "pos": [124, 20]}, "123;20": {"type": "grass", "variant": 8, "pos": [123, 20]}, "123;19": {"type": "grass", "variant": 8, "pos": [123, 19]}, "122;19": {"type": "grass", "variant": 8, "pos": [122, 19]}, "113;18": {"type": "grass", "variant": 6, "pos": [113, 18]}, "114;18": {"type": "grass", "variant": 5, "pos": [114, 18]}, "115;18": {"type": "grass", "variant": 5, "pos": [115, 18]}, "116;18": {"type": "grass", "variant": 5, "pos": [116, 18]}, "117;18": {"type": "grass", "variant": 5, "pos": [117, 18]}, "118;19": {"type": "grass", "variant": 6, "pos": [118, 19]}, "119;19": {"type": "grass", "variant": 8, "pos": [119, 19]}, "120;19": {"type": "grass", "variant": 8, "pos": [120, 19]}, "120;20": {"type": "grass", "variant": 5, "pos": [120, 20]}, "121;20": {"type": "grass", "variant": 5, "pos": [121, 20]}, "122;20": {"type": "grass", "variant": 8, "pos": [122, 20]}, "122;21": {"type": "grass", "variant": 6, "pos": [122, 21]}, "123;21": {"type": "grass", "variant": 5, "pos": [123, 21]}, "124;21": {"type": "grass", "variant": 4, "pos": [124, 21]}, "125;20": {"type": "grass", "variant": 5, "pos": [125, 20]}, "124;19": {"type": "grass", "variant": 8, "pos": [124, 19]}, "122;18": {"type": "grass", "variant": 8, "pos": [122, 18]}, "121;18": {"type": "grass", "variant": 8, "pos": [121, 18]}, "120;18": {"type": "grass", "variant": 8, "pos": [120, 18]}, "119;18": {"type": "grass", "variant": 8, "pos": [119, 18]}, "118;18": {"type": "grass", "variant": 8, "pos": [118, 18]}, "123;18": {"type": "grass", "variant": 8, "pos": [123, 18]}, "124;18": {"type": "grass", "variant": 8, "pos": [124, 18]}, "125;18": {"type": "grass", "variant": 8, "pos": [125, 18]}, "126;18": {"type": "grass", "variant": 8, "pos": [126, 18]}, "127;18": {"type": "grass", "variant": 8, "pos": [127, 18]}, "119;20": {"type": "grass", "variant": 6, "pos": [119, 20]}, "121;19": {"type": "grass", "variant": 8, "pos": [121, 19]}, "134;15": {"type": "grass", "variant": 1, "pos": [134, 15]}, "134;16": {"type": "grass", "variant": 8, "pos": [134, 16]}, "135;16": {"type": "grass", "variant": 8, "pos": [135, 16]}, "136;16": {"type": "grass", "variant": 8, "pos": [136, 16]}, "137;16": {"type": "grass", "variant": 4, "pos": [137, 16]}, "137;15": {"type": "grass", "variant": 2, "pos": [137, 15]}, "136;15": {"type": "grass", "variant": 1, "pos": [136, 15]}, "135;15": {"type": "grass", "variant": 1, "pos": [135, 15]}, "134;17": {"type": "grass", "variant": 8, "pos": [134, 17]}, "132;18": {"type": "grass", "variant": 8, "pos": [132, 18]}, "131;18": {"type": "grass", "variant": 8, "pos": [131, 18]}, "133;18": {"type": "grass", "variant": 5, "pos": [133, 18]}, "134;18": {"type": "grass", "variant": 5, "pos": [134, 18]}, "135;18": {"type": "grass", "variant": 5, "pos": [135, 18]}, "136;18": {"type": "grass", "variant": 4, "pos": [136, 18]}, "136;17": {"type": "grass", "variant": 3, "pos": [136, 17]}, "135;17": {"type": "grass", "variant": 8, "pos": [135, 17]}, "132;19": {"type": "grass", "variant": 4, "pos": [132, 19]}, "131;19": {"type": "grass", "variant": 5, "pos": [131, 19]}, "130;19": {"type": "grass", "variant": 5, "pos": [130, 19]}, "129;20": {"type": "grass", "variant": 4, "pos": [129, 20]}, "128;20": {"type": "grass", "variant": 5, "pos": [128, 20]}, "127;20": {"type": "grass", "variant": 5, "pos": [127, 20]}, "128;19": {"type": "grass", "variant": 8, "pos": [128, 19]}, "129;19": {"type": "grass", "variant": 8, "pos": [129, 19]}, "126;20": {"type": "grass", "variant": 5, "pos": [126, 20]}, "141;15": {"type": "grass", "variant": 1, "pos": [141, 15]}, "141;16": {"type": "grass", "variant": 8, "pos": [141, 16]}, "142;16": {"type": "grass", "variant": 8, "pos": [142, 16]}, "143;16": {"type": "grass", "variant": 8, "pos": [143, 16]}, "144;16": {"type": "grass", "variant": 8, "pos": [144, 16]}, "144;15": {"type": "grass", "variant": 1, "pos": [144, 15]}, "143;15": {"type": "grass", "variant": 1, "pos": [143, 15]}, "142;15": {"type": "grass", "variant": 1, "pos": [142, 15]}, "145;15": {"type": "grass", "variant": 1, "pos": [145, 15]}, "146;15": {"type": "grass", "variant": 1, "pos": [146, 15]}, "147;15": {"type": "grass", "variant": 2, "pos": [147, 15]}, "147;16": {"type": "grass", "variant": 4, "pos": [147, 16]}, "146;17": {"type": "grass", "variant": 4, "pos": [146, 17]}, "145;17": {"type": "grass", "variant": 8, "pos": [145, 17]}, "145;18": {"type": "grass", "variant": 4, "pos": [145, 18]}, "144;18": {"type": "grass", "variant": 5, "pos": [144, 18]}, "143;18": {"type": "grass", "variant": 5, "pos": [143, 18]}, "142;18": {"type": "grass", "variant": 6, "pos": [142, 18]}, "142;17": {"type": "grass", "variant": 8, "pos": [142, 17]}, "143;17": {"type": "grass", "variant": 8, "pos": [143, 17]}, "144;17": {"type": "grass", "variant": 8, "pos": [144, 17]}, "146;16": {"type": "grass", "variant": 8, "pos": [146, 16]}, "145;16": {"type": "grass", "variant": 8, "pos": [145, 16]}, "141;17": {"type": "grass", "variant": 6, "pos": [141, 17]}, "140;16": {"type": "grass", "variant": 6, "pos": [140, 16]}, "140;15": {"type": "grass", "variant": 0, "pos": [140, 15]}, "144;14": {"type": "decor", "variant": 3, "pos": [144, 14]}, "86;-3": {"type": "decor", "variant": 0, "pos": [86, -3]}, "76;-3": {"type": "decor", "variant": 0, "pos": [76, -3]}, "64;-3": {"type": "decor", "variant": 0, "pos": [64, -3]}, "50;2": {"type": "decor", "variant": 0, "pos": [50, 2]}, "41;8": {"type": "decor", "variant": 0, "pos": [41, 8]}, "28;9": {"type": "decor", "variant": 0, "pos": [28, 9]}, "21;12": {"type": "decor", "variant": 1, "pos": [21, 12]}, "20;12": {"type": "decor", "variant": 1, "pos": [20, 12]}, "18;11": {"type": "decor", "variant": 1, "pos": [18, 11]}, "16;11": {"type": "decor", "variant": 1, "pos": [16, 11]}, "10;12": {"type": "decor", "variant": 1, "pos": [10, 12]}, "26;10": {"type": "decor", "variant": 1, "pos": [26, 10]}, "30;8": {"type": "decor", "variant": 1, "pos": [30, 8]}, "29;8": {"type": "decor", "variant": 2, "pos": [29, 8]}, "27;9": {"type": "decor", "variant": 0, "pos": [27, 9]}, "24;11": {"type": "decor", "variant": 2, "pos": [24, 11]}, "33;6": {"type": "decor", "variant": 2, "pos": [33, 6]}, "38;6": {"type": "decor", "variant": 2, "pos": [38, 6]}, "39;7": {"type": "decor", "variant": 1, "pos": [39, 7]}, "45;1": {"type": "decor", "variant": 1, "pos": [45, 1]}, "46;1": {"type": "decor", "variant": 1, "pos": [46, 1]}, "47;1": {"type": "decor", "variant": 1, "pos": [47, 1]}, "48;1": {"type": "decor", "variant": 1, "pos": [48, 1]}, "49;1": {"type": "decor", "variant": 1, "pos": [49, 1]}, "41;4": {"type": "decor", "variant": 1, "pos": [41, 4]}, "57;-1": {"type": "decor", "variant": 1, "pos": [57, -1]}, "65;-5": {"type": "decor", "variant": 1, "pos": [65, -5]}, "66;-5": {"type": "decor", "variant": 1, "pos": [66, -5]}, "67;-5": {"type": "decor", "variant": 1, "pos": [67, -5]}, "73;-4": {"type": "decor", "variant": 1, "pos": [73, -4]}, "74;-4": {"type": "decor", "variant": 1, "pos": [74, -4]}, "72;-4": {"type": "decor", "variant": 2, "pos": [72, -4]}, "81;-4": {"type": "decor", "variant": 2, "pos": [81, -4]}, "82;-4": {"type": "decor", "variant": 1, "pos": [82, -4]}, "83;-3": {"type": "decor", "variant": 1, "pos": [83, -3]}, "90;-4": {"type": "decor", "variant": 1, "pos": [90, -4]}, "88;-4": {"type": "decor", "variant": 1, "pos": [88, -4]}, "96;-4": {"type": "decor", "variant": 1, "pos": [96, -4]}, "98;-4": {"type": "decor", "variant": 1, "pos": [98, -4]}, "104;-4": {"type": "large_decor", "variant": 1, "pos": [104, -4]}, "108;-4": {"type": "decor", "variant": 0, "pos": [108, -4]}, "105;8": {"type": "decor", "variant": 0, "pos": [105, 8]}, "80;-2": {"type": "grass", "variant": 0, "pos": [80, -2]}, "80;-1": {"type": "grass", "variant": 6, "pos": [80, -1]}, "70;8": {"type": "grass", "variant": 0, "pos": [70, 8]}, "71;8": {"type": "grass", "variant": 2, "pos": [71, 8]}}, "tile_size": 16, "offgrid": [{"type": "large_decor", "variant": 2, "pos": [2317, 192]}, {"type": "large_decor", "variant": 2, "pos": [2094, 160]}, {"type": "large_decor", "variant": 2, "pos": [1323, -80]}, {"type": "large_decor", "variant": 2, "pos": [1398, -96]}, {"type": "large_decor", "variant": 2, "pos": [1177, -95]}, {"type": "large_decor", "variant": 2, "pos": [1125, -95]}, {"type": "large_decor", "variant": 2, "pos": [753, -15]}, {"type": "large_decor", "variant": 2, "pos": [703, -16]}, {"type": "large_decor", "variant": 2, "pos": [795, 0]}, {"type": "large_decor", "variant": 2, "pos": [186, 144]}, {"type": "large_decor", "variant": 2, "pos": [275, 144]}, {"type": "large_decor", "variant": 0, "pos": [466, 128]}, {"type": "large_decor", "variant": 0, "pos": [507, 112]}, {"type": "large_decor", "variant": 0, "pos": [544, 96]}, {"type": "large_decor", "variant": 1, "pos": [218, 176]}, {"type": "large_decor", "variant": 1, "pos": [570, 80]}, {"type": "large_decor", "variant": 1, "pos": [641, 128]}, {"type": "large_decor", "variant": 1, "pos": [687, 16]}, {"type": "large_decor", "variant": 1, "pos": [872, 1]}, {"type": "large_decor", "variant": 1, "pos": [923, -15]}, {"type": "large_decor", "variant": 1, "pos": [992, -48]}, {"type": "large_decor", "variant": 0, "pos": [981, 80]}, {"type": "large_decor", "variant": 0, "pos": [1016, 80]}, {"type": "large_decor", "variant": 0, "pos": [1050, 83]}, {"type": "large_decor", "variant": 0, "pos": [1071, 80]}, {"type": "large_decor", "variant": 0, "pos": [1214, 128]}, {"type": "large_decor", "variant": 0, "pos": [1187, 128]}, {"type": "large_decor", "variant": 0, "pos": [1263, 160]}, {"type": "large_decor", "variant": 0, "pos": [1384, 144]}, {"type": "large_decor", "variant": 0, "pos": [1447, 128]}, {"type": "large_decor", "variant": 0, "pos": [1346, 160]}, {"type": "large_decor", "variant": 0, "pos": [1558, 128]}, {"type": "large_decor", "variant": 1, "pos": [1572, 128]}, {"type": "large_decor", "variant": 1, "pos": [1823, 227]}, {"type": "large_decor", "variant": 1, "pos": [1790, 224]}, {"type": "large_decor", "variant": 1, "pos": [1880, 224]}, {"type": "large_decor", "variant": 1, "pos": [1986, 224]}, {"type": "large_decor", "variant": 1, "pos": [2157, 224]}, {"type": "large_decor", "variant": 1, "pos": [2061, 224]}, {"type": "large_decor", "variant": 1, "pos": [2023, 226]}, {"type": "large_decor", "variant": 1, "pos": [2249, 224]}, {"type": "large_decor", "variant": 1, "pos": [1919, 247]}, {"type": "large_decor", "variant": 2, "pos": [1500, -95]}, {"type": "decor", "variant": 0, "pos": [440, 131]}, {"type": "decor", "variant": 0, "pos": [1725, -77]}, {"type": "decor", "variant": 0, "pos": [1730, -89]}, {"type": "decor", "variant": 0, "pos": [1727, -101]}, {"type": "decor", "variant": 0, "pos": [1426, 128]}, {"type": "decor", "variant": 0, "pos": [1408, 144]}, {"type": "decor", "variant": 0, "pos": [1410, 131]}, {"type": "decor", "variant": 0, "pos": [1408, 118]}, {"type": "decor", "variant": 0, "pos": [1247, 144]}, {"type": "decor", "variant": 0, "pos": [1168, 144]}, {"type": "spawners", "variant": 1, "pos": [1845, 203]}, {"type": "spawners", "variant": 1, "pos": [1902, 218]}, {"type": "spawners", "variant": 1, "pos": [1991, 216]}, {"type": "spawners", "variant": 1, "pos": [2051, 216]}, {"type": "spawners", "variant": 1, "pos": [1380, 138]}, {"type": "spawners", "variant": 1, "pos": [1207, 121]}, {"type": "spawners", "variant": 1, "pos": [1165, -70]}, {"type": "spawners", "variant": 1, "pos": [1358, -53]}, {"type": "spawners", "variant": 1, "pos": [743, 8]}, {"type": "spawners", "variant": 1, "pos": [650, 122]}, {"type": "spawners", "variant": 1, "pos": [877, -5]}, {"type": "large_decor", "variant": 2, "pos": [1674, -96]}, {"type": "spawners", "variant": 1, "pos": [1699, -69]}, {"type": "spawners", "variant": 2, "pos": [672, 127]}, {"type": "spawners", "variant": 2, "pos": [1041, 79]}, {"type": "spawners", "variant": 2, "pos": [1087, -65]}, {"type": "spawners", "variant": 2, "pos": [1392, -49]}, {"type": "spawners", "variant": 2, "pos": [1471, 125]}, {"type": "spawners", "variant": 2, "pos": [1647, 126]}, {"type": "spawners", "variant": 2, "pos": [1551, -63]}, {"type": "large_decor", "variant": 2, "pos": [1556, -96]}, {"type": "spawners", "variant": 2, "pos": [1871, 225]}, {"type": "spawners", "variant": 0, "pos": [252, 173]}]}