{"tilemap": {"15;12": {"type": "grass", "variant": 1, "pos": [15, 12]}, "16;12": {"type": "grass", "variant": 1, "pos": [16, 12]}, "16;13": {"type": "grass", "variant": 5, "pos": [16, 13]}, "15;13": {"type": "grass", "variant": 5, "pos": [15, 13]}, "14;13": {"type": "grass", "variant": 8, "pos": [14, 13]}, "14;12": {"type": "grass", "variant": 1, "pos": [14, 12]}, "17;12": {"type": "grass", "variant": 1, "pos": [17, 12]}, "18;12": {"type": "grass", "variant": 8, "pos": [18, 12]}, "18;13": {"type": "grass", "variant": 8, "pos": [18, 13]}, "17;13": {"type": "grass", "variant": 8, "pos": [17, 13]}, "13;13": {"type": "grass", "variant": 8, "pos": [13, 13]}, "13;12": {"type": "grass", "variant": 8, "pos": [13, 12]}, "13;11": {"type": "grass", "variant": 3, "pos": [13, 11]}, "13;10": {"type": "grass", "variant": 2, "pos": [13, 10]}, "12;10": {"type": "grass", "variant": 8, "pos": [12, 10]}, "12;11": {"type": "grass", "variant": 8, "pos": [12, 11]}, "12;12": {"type": "grass", "variant": 8, "pos": [12, 12]}, "11;12": {"type": "grass", "variant": 8, "pos": [11, 12]}, "11;11": {"type": "grass", "variant": 8, "pos": [11, 11]}, "11;10": {"type": "grass", "variant": 8, "pos": [11, 10]}, "11;9": {"type": "grass", "variant": 0, "pos": [11, 9]}, "12;9": {"type": "grass", "variant": 2, "pos": [12, 9]}, "10;10": {"type": "grass", "variant": 0, "pos": [10, 10]}, "10;11": {"type": "grass", "variant": 7, "pos": [10, 11]}, "10;12": {"type": "grass", "variant": 7, "pos": [10, 12]}, "11;13": {"type": "grass", "variant": 8, "pos": [11, 13]}, "12;14": {"type": "grass", "variant": 8, "pos": [12, 14]}, "13;14": {"type": "grass", "variant": 8, "pos": [13, 14]}, "14;14": {"type": "grass", "variant": 3, "pos": [14, 14]}, "12;13": {"type": "grass", "variant": 8, "pos": [12, 13]}, "17;14": {"type": "grass", "variant": 7, "pos": [17, 14]}, "18;14": {"type": "grass", "variant": 8, "pos": [18, 14]}, "19;14": {"type": "grass", "variant": 8, "pos": [19, 14]}, "19;13": {"type": "grass", "variant": 8, "pos": [19, 13]}, "20;12": {"type": "grass", "variant": 8, "pos": [20, 12]}, "20;11": {"type": "grass", "variant": 8, "pos": [20, 11]}, "19;11": {"type": "grass", "variant": 8, "pos": [19, 11]}, "18;11": {"type": "grass", "variant": 0, "pos": [18, 11]}, "19;12": {"type": "grass", "variant": 8, "pos": [19, 12]}, "19;10": {"type": "grass", "variant": 7, "pos": [19, 10]}, "19;9": {"type": "grass", "variant": 0, "pos": [19, 9]}, "20;9": {"type": "grass", "variant": 1, "pos": [20, 9]}, "21;9": {"type": "grass", "variant": 2, "pos": [21, 9]}, "21;10": {"type": "grass", "variant": 8, "pos": [21, 10]}, "20;10": {"type": "grass", "variant": 8, "pos": [20, 10]}, "21;11": {"type": "grass", "variant": 8, "pos": [21, 11]}, "21;12": {"type": "grass", "variant": 8, "pos": [21, 12]}, "21;13": {"type": "grass", "variant": 8, "pos": [21, 13]}, "22;12": {"type": "grass", "variant": 3, "pos": [22, 12]}, "22;11": {"type": "grass", "variant": 3, "pos": [22, 11]}, "20;13": {"type": "grass", "variant": 8, "pos": [20, 13]}, "22;10": {"type": "grass", "variant": 2, "pos": [22, 10]}, "22;13": {"type": "grass", "variant": 3, "pos": [22, 13]}, "20;14": {"type": "grass", "variant": 8, "pos": [20, 14]}, "18;15": {"type": "grass", "variant": 8, "pos": [18, 15]}, "17;15": {"type": "grass", "variant": 7, "pos": [17, 15]}, "16;16": {"type": "grass", "variant": 5, "pos": [16, 16]}, "15;16": {"type": "grass", "variant": 5, "pos": [15, 16]}, "14;16": {"type": "grass", "variant": 5, "pos": [14, 16]}, "13;16": {"type": "grass", "variant": 6, "pos": [13, 16]}, "13;15": {"type": "grass", "variant": 8, "pos": [13, 15]}, "12;15": {"type": "grass", "variant": 6, "pos": [12, 15]}, "11;14": {"type": "grass", "variant": 6, "pos": [11, 14]}, "10;13": {"type": "grass", "variant": 6, "pos": [10, 13]}, "14;15": {"type": "grass", "variant": 3, "pos": [14, 15]}, "19;15": {"type": "grass", "variant": 8, "pos": [19, 15]}, "20;15": {"type": "grass", "variant": 4, "pos": [20, 15]}, "19;16": {"type": "grass", "variant": 4, "pos": [19, 16]}, "18;16": {"type": "grass", "variant": 5, "pos": [18, 16]}, "17;16": {"type": "grass", "variant": 5, "pos": [17, 16]}, "21;14": {"type": "grass", "variant": 5, "pos": [21, 14]}, "22;14": {"type": "grass", "variant": 4, "pos": [22, 14]}, "14;11": {"type": "decor", "variant": 1, "pos": [14, 11]}, "16;11": {"type": "decor", "variant": 1, "pos": [16, 11]}, "18;10": {"type": "decor", "variant": 1, "pos": [18, 10]}, "13;9": {"type": "decor", "variant": 1, "pos": [13, 9]}, "12;8": {"type": "decor", "variant": 1, "pos": [12, 8]}, "11;8": {"type": "large_decor", "variant": 1, "pos": [11, 8]}, "19;8": {"type": "decor", "variant": 1, "pos": [19, 8]}, "20;8": {"type": "decor", "variant": 1, "pos": [20, 8]}, "22;9": {"type": "decor", "variant": 1, "pos": [22, 9]}, "19;6": {"type": "large_decor", "variant": 2, "pos": [19, 6]}, "6;12": {"type": "grass", "variant": 8, "pos": [6, 12]}, "6;11": {"type": "grass", "variant": 2, "pos": [6, 11]}, "5;11": {"type": "grass", "variant": 1, "pos": [5, 11]}, "5;12": {"type": "grass", "variant": 8, "pos": [5, 12]}, "4;12": {"type": "grass", "variant": 8, "pos": [4, 12]}, "4;11": {"type": "grass", "variant": 1, "pos": [4, 11]}, "5;13": {"type": "grass", "variant": 8, "pos": [5, 13]}, "6;13": {"type": "grass", "variant": 8, "pos": [6, 13]}, "4;13": {"type": "grass", "variant": 8, "pos": [4, 13]}, "3;13": {"type": "grass", "variant": 8, "pos": [3, 13]}, "3;12": {"type": "grass", "variant": 8, "pos": [3, 12]}, "2;12": {"type": "grass", "variant": 0, "pos": [2, 12]}, "2;13": {"type": "grass", "variant": 6, "pos": [2, 13]}, "7;13": {"type": "grass", "variant": 4, "pos": [7, 13]}, "7;12": {"type": "grass", "variant": 2, "pos": [7, 12]}, "4;14": {"type": "grass", "variant": 5, "pos": [4, 14]}, "3;14": {"type": "grass", "variant": 6, "pos": [3, 14]}, "5;14": {"type": "grass", "variant": 5, "pos": [5, 14]}, "6;14": {"type": "grass", "variant": 4, "pos": [6, 14]}, "3;11": {"type": "grass", "variant": 0, "pos": [3, 11]}, "3;10": {"type": "decor", "variant": 2, "pos": [3, 10]}, "2;11": {"type": "decor", "variant": 2, "pos": [2, 11]}, "5;10": {"type": "decor", "variant": 2, "pos": [5, 10]}, "6;10": {"type": "decor", "variant": 2, "pos": [6, 10]}, "7;11": {"type": "decor", "variant": 1, "pos": [7, 11]}, "25;13": {"type": "grass", "variant": 0, "pos": [25, 13]}, "25;14": {"type": "grass", "variant": 6, "pos": [25, 14]}, "26;14": {"type": "grass", "variant": 8, "pos": [26, 14]}, "27;13": {"type": "grass", "variant": 1, "pos": [27, 13]}, "28;13": {"type": "grass", "variant": 1, "pos": [28, 13]}, "28;14": {"type": "grass", "variant": 8, "pos": [28, 14]}, "28;15": {"type": "grass", "variant": 4, "pos": [28, 15]}, "27;15": {"type": "grass", "variant": 5, "pos": [27, 15]}, "27;14": {"type": "grass", "variant": 8, "pos": [27, 14]}, "26;13": {"type": "grass", "variant": 1, "pos": [26, 13]}, "29;13": {"type": "grass", "variant": 2, "pos": [29, 13]}, "29;14": {"type": "grass", "variant": 4, "pos": [29, 14]}, "26;15": {"type": "grass", "variant": 6, "pos": [26, 15]}, "33;16": {"type": "grass", "variant": 6, "pos": [33, 16]}, "34;16": {"type": "grass", "variant": 5, "pos": [34, 16]}, "33;15": {"type": "grass", "variant": 0, "pos": [33, 15]}, "34;15": {"type": "grass", "variant": 1, "pos": [34, 15]}, "35;15": {"type": "grass", "variant": 2, "pos": [35, 15]}, "35;16": {"type": "grass", "variant": 4, "pos": [35, 16]}, "38;17": {"type": "grass", "variant": 6, "pos": [38, 17]}, "38;16": {"type": "grass", "variant": 0, "pos": [38, 16]}, "39;16": {"type": "grass", "variant": 2, "pos": [39, 16]}, "39;17": {"type": "grass", "variant": 4, "pos": [39, 17]}, "42;15": {"type": "grass", "variant": 0, "pos": [42, 15]}, "43;15": {"type": "grass", "variant": 2, "pos": [43, 15]}, "43;16": {"type": "grass", "variant": 4, "pos": [43, 16]}, "42;16": {"type": "grass", "variant": 6, "pos": [42, 16]}, "46;14": {"type": "grass", "variant": 0, "pos": [46, 14]}, "47;14": {"type": "grass", "variant": 1, "pos": [47, 14]}, "48;14": {"type": "grass", "variant": 2, "pos": [48, 14]}, "46;15": {"type": "grass", "variant": 6, "pos": [46, 15]}, "47;15": {"type": "grass", "variant": 5, "pos": [47, 15]}, "48;15": {"type": "grass", "variant": 4, "pos": [48, 15]}, "52;16": {"type": "grass", "variant": 2, "pos": [52, 16]}, "51;16": {"type": "grass", "variant": 0, "pos": [51, 16]}, "51;17": {"type": "grass", "variant": 6, "pos": [51, 17]}, "52;17": {"type": "grass", "variant": 8, "pos": [52, 17]}, "53;17": {"type": "grass", "variant": 1, "pos": [53, 17]}, "54;17": {"type": "grass", "variant": 1, "pos": [54, 17]}, "55;17": {"type": "grass", "variant": 1, "pos": [55, 17]}, "57;17": {"type": "grass", "variant": 1, "pos": [57, 17]}, "56;17": {"type": "grass", "variant": 1, "pos": [56, 17]}, "58;17": {"type": "grass", "variant": 1, "pos": [58, 17]}, "57;18": {"type": "grass", "variant": 8, "pos": [57, 18]}, "56;18": {"type": "grass", "variant": 8, "pos": [56, 18]}, "55;18": {"type": "grass", "variant": 8, "pos": [55, 18]}, "54;18": {"type": "grass", "variant": 8, "pos": [54, 18]}, "53;18": {"type": "grass", "variant": 8, "pos": [53, 18]}, "52;18": {"type": "grass", "variant": 6, "pos": [52, 18]}, "59;17": {"type": "grass", "variant": 8, "pos": [59, 17]}, "59;16": {"type": "grass", "variant": 0, "pos": [59, 16]}, "60;16": {"type": "grass", "variant": 2, "pos": [60, 16]}, "58;18": {"type": "grass", "variant": 8, "pos": [58, 18]}, "59;18": {"type": "grass", "variant": 8, "pos": [59, 18]}, "60;18": {"type": "grass", "variant": 4, "pos": [60, 18]}, "60;17": {"type": "grass", "variant": 3, "pos": [60, 17]}, "54;19": {"type": "grass", "variant": 5, "pos": [54, 19]}, "55;19": {"type": "grass", "variant": 5, "pos": [55, 19]}, "56;19": {"type": "grass", "variant": 5, "pos": [56, 19]}, "57;19": {"type": "grass", "variant": 5, "pos": [57, 19]}, "58;19": {"type": "grass", "variant": 5, "pos": [58, 19]}, "59;19": {"type": "grass", "variant": 4, "pos": [59, 19]}, "53;19": {"type": "grass", "variant": 6, "pos": [53, 19]}, "63;16": {"type": "grass", "variant": 0, "pos": [63, 16]}, "64;16": {"type": "grass", "variant": 8, "pos": [64, 16]}, "64;15": {"type": "grass", "variant": 0, "pos": [64, 15]}, "65;16": {"type": "grass", "variant": 3, "pos": [65, 16]}, "64;17": {"type": "grass", "variant": 5, "pos": [64, 17]}, "65;15": {"type": "grass", "variant": 2, "pos": [65, 15]}, "65;17": {"type": "grass", "variant": 4, "pos": [65, 17]}, "63;17": {"type": "grass", "variant": 6, "pos": [63, 17]}, "68;14": {"type": "grass", "variant": 0, "pos": [68, 14]}, "69;14": {"type": "grass", "variant": 8, "pos": [69, 14]}, "69;15": {"type": "grass", "variant": 5, "pos": [69, 15]}, "68;15": {"type": "grass", "variant": 6, "pos": [68, 15]}, "70;14": {"type": "grass", "variant": 3, "pos": [70, 14]}, "70;13": {"type": "grass", "variant": 2, "pos": [70, 13]}, "69;13": {"type": "grass", "variant": 0, "pos": [69, 13]}, "70;15": {"type": "grass", "variant": 4, "pos": [70, 15]}, "73;12": {"type": "grass", "variant": 0, "pos": [73, 12]}, "73;13": {"type": "grass", "variant": 6, "pos": [73, 13]}, "74;13": {"type": "grass", "variant": 8, "pos": [74, 13]}, "74;12": {"type": "grass", "variant": 8, "pos": [74, 12]}, "75;12": {"type": "grass", "variant": 3, "pos": [75, 12]}, "74;11": {"type": "grass", "variant": 0, "pos": [74, 11]}, "75;11": {"type": "grass", "variant": 2, "pos": [75, 11]}, "75;13": {"type": "grass", "variant": 3, "pos": [75, 13]}, "74;14": {"type": "grass", "variant": 6, "pos": [74, 14]}, "75;14": {"type": "grass", "variant": 4, "pos": [75, 14]}, "78;10": {"type": "grass", "variant": 8, "pos": [78, 10]}, "78;9": {"type": "grass", "variant": 0, "pos": [78, 9]}, "77;10": {"type": "grass", "variant": 0, "pos": [77, 10]}, "77;11": {"type": "grass", "variant": 6, "pos": [77, 11]}, "78;11": {"type": "grass", "variant": 8, "pos": [78, 11]}, "79;11": {"type": "grass", "variant": 8, "pos": [79, 11]}, "79;10": {"type": "grass", "variant": 8, "pos": [79, 10]}, "78;12": {"type": "grass", "variant": 6, "pos": [78, 12]}, "79;12": {"type": "grass", "variant": 4, "pos": [79, 12]}, "79;9": {"type": "grass", "variant": 2, "pos": [79, 9]}, "80;10": {"type": "grass", "variant": 2, "pos": [80, 10]}, "80;11": {"type": "grass", "variant": 4, "pos": [80, 11]}, "81;7": {"type": "grass", "variant": 0, "pos": [81, 7]}, "82;7": {"type": "grass", "variant": 5, "pos": [82, 7]}, "82;6": {"type": "grass", "variant": 0, "pos": [82, 6]}, "83;6": {"type": "grass", "variant": 8, "pos": [83, 6]}, "83;7": {"type": "grass", "variant": 5, "pos": [83, 7]}, "83;5": {"type": "grass", "variant": 0, "pos": [83, 5]}, "84;5": {"type": "grass", "variant": 1, "pos": [84, 5]}, "84;6": {"type": "grass", "variant": 8, "pos": [84, 6]}, "84;7": {"type": "grass", "variant": 5, "pos": [84, 7]}, "85;7": {"type": "grass", "variant": 4, "pos": [85, 7]}, "85;6": {"type": "grass", "variant": 3, "pos": [85, 6]}, "88;7": {"type": "grass", "variant": 0, "pos": [88, 7]}, "88;8": {"type": "grass", "variant": 6, "pos": [88, 8]}, "89;8": {"type": "grass", "variant": 8, "pos": [89, 8]}, "89;7": {"type": "grass", "variant": 1, "pos": [89, 7]}, "90;7": {"type": "grass", "variant": 1, "pos": [90, 7]}, "90;8": {"type": "grass", "variant": 8, "pos": [90, 8]}, "89;9": {"type": "grass", "variant": 6, "pos": [89, 9]}, "90;9": {"type": "grass", "variant": 5, "pos": [90, 9]}, "91;9": {"type": "grass", "variant": 4, "pos": [91, 9]}, "91;8": {"type": "grass", "variant": 8, "pos": [91, 8]}, "91;7": {"type": "grass", "variant": 1, "pos": [91, 7]}, "92;7": {"type": "grass", "variant": 2, "pos": [92, 7]}, "92;8": {"type": "grass", "variant": 4, "pos": [92, 8]}, "95;4": {"type": "grass", "variant": 0, "pos": [95, 4]}, "95;5": {"type": "grass", "variant": 8, "pos": [95, 5]}, "96;4": {"type": "grass", "variant": 1, "pos": [96, 4]}, "96;5": {"type": "grass", "variant": 8, "pos": [96, 5]}, "94;5": {"type": "grass", "variant": 0, "pos": [94, 5]}, "95;6": {"type": "grass", "variant": 6, "pos": [95, 6]}, "96;6": {"type": "grass", "variant": 5, "pos": [96, 6]}, "97;6": {"type": "grass", "variant": 5, "pos": [97, 6]}, "98;6": {"type": "grass", "variant": 4, "pos": [98, 6]}, "98;5": {"type": "grass", "variant": 8, "pos": [98, 5]}, "97;5": {"type": "grass", "variant": 8, "pos": [97, 5]}, "97;4": {"type": "grass", "variant": 8, "pos": [97, 4]}, "98;4": {"type": "grass", "variant": 8, "pos": [98, 4]}, "98;3": {"type": "grass", "variant": 1, "pos": [98, 3]}, "97;3": {"type": "grass", "variant": 0, "pos": [97, 3]}, "99;3": {"type": "grass", "variant": 1, "pos": [99, 3]}, "100;3": {"type": "grass", "variant": 2, "pos": [100, 3]}, "100;4": {"type": "grass", "variant": 8, "pos": [100, 4]}, "99;4": {"type": "grass", "variant": 8, "pos": [99, 4]}, "99;5": {"type": "grass", "variant": 5, "pos": [99, 5]}, "100;5": {"type": "grass", "variant": 5, "pos": [100, 5]}, "101;5": {"type": "grass", "variant": 4, "pos": [101, 5]}, "101;4": {"type": "grass", "variant": 2, "pos": [101, 4]}, "85;5": {"type": "grass", "variant": 2, "pos": [85, 5]}, "104;5": {"type": "grass", "variant": 0, "pos": [104, 5]}, "104;6": {"type": "grass", "variant": 6, "pos": [104, 6]}, "105;6": {"type": "grass", "variant": 8, "pos": [105, 6]}, "105;7": {"type": "grass", "variant": 6, "pos": [105, 7]}, "106;7": {"type": "grass", "variant": 5, "pos": [106, 7]}, "107;7": {"type": "grass", "variant": 5, "pos": [107, 7]}, "108;7": {"type": "grass", "variant": 5, "pos": [108, 7]}, "108;6": {"type": "grass", "variant": 8, "pos": [108, 6]}, "107;6": {"type": "grass", "variant": 8, "pos": [107, 6]}, "106;6": {"type": "grass", "variant": 8, "pos": [106, 6]}, "107;5": {"type": "grass", "variant": 1, "pos": [107, 5]}, "108;5": {"type": "grass", "variant": 1, "pos": [108, 5]}, "105;5": {"type": "grass", "variant": 1, "pos": [105, 5]}, "106;5": {"type": "grass", "variant": 1, "pos": [106, 5]}, "109;6": {"type": "grass", "variant": 8, "pos": [109, 6]}, "109;5": {"type": "grass", "variant": 1, "pos": [109, 5]}, "109;7": {"type": "grass", "variant": 5, "pos": [109, 7]}, "110;6": {"type": "grass", "variant": 8, "pos": [110, 6]}, "110;5": {"type": "grass", "variant": 1, "pos": [110, 5]}, "111;5": {"type": "grass", "variant": 1, "pos": [111, 5]}, "111;6": {"type": "grass", "variant": 8, "pos": [111, 6]}, "111;7": {"type": "grass", "variant": 4, "pos": [111, 7]}, "110;7": {"type": "grass", "variant": 5, "pos": [110, 7]}, "112;6": {"type": "grass", "variant": 5, "pos": [112, 6]}, "112;5": {"type": "grass", "variant": 1, "pos": [112, 5]}, "113;5": {"type": "grass", "variant": 2, "pos": [113, 5]}, "113;6": {"type": "grass", "variant": 4, "pos": [113, 6]}, "116;5": {"type": "grass", "variant": 0, "pos": [116, 5]}, "117;5": {"type": "grass", "variant": 1, "pos": [117, 5]}, "118;5": {"type": "grass", "variant": 8, "pos": [118, 5]}, "118;4": {"type": "grass", "variant": 0, "pos": [118, 4]}, "119;4": {"type": "grass", "variant": 1, "pos": [119, 4]}, "120;4": {"type": "grass", "variant": 1, "pos": [120, 4]}, "121;4": {"type": "grass", "variant": 2, "pos": [121, 4]}, "121;5": {"type": "grass", "variant": 8, "pos": [121, 5]}, "120;5": {"type": "grass", "variant": 8, "pos": [120, 5]}, "119;5": {"type": "grass", "variant": 8, "pos": [119, 5]}, "118;6": {"type": "grass", "variant": 5, "pos": [118, 6]}, "117;6": {"type": "grass", "variant": 6, "pos": [117, 6]}, "119;6": {"type": "grass", "variant": 8, "pos": [119, 6]}, "120;6": {"type": "grass", "variant": 8, "pos": [120, 6]}, "121;6": {"type": "grass", "variant": 8, "pos": [121, 6]}, "122;6": {"type": "grass", "variant": 8, "pos": [122, 6]}, "122;5": {"type": "grass", "variant": 1, "pos": [122, 5]}, "123;5": {"type": "grass", "variant": 2, "pos": [123, 5]}, "123;6": {"type": "grass", "variant": 4, "pos": [123, 6]}, "122;7": {"type": "grass", "variant": 4, "pos": [122, 7]}, "121;7": {"type": "grass", "variant": 5, "pos": [121, 7]}, "120;7": {"type": "grass", "variant": 5, "pos": [120, 7]}, "119;7": {"type": "grass", "variant": 6, "pos": [119, 7]}, "126;4": {"type": "grass", "variant": 0, "pos": [126, 4]}, "127;4": {"type": "grass", "variant": 1, "pos": [127, 4]}, "128;4": {"type": "grass", "variant": 8, "pos": [128, 4]}, "128;3": {"type": "grass", "variant": 0, "pos": [128, 3]}, "129;3": {"type": "grass", "variant": 1, "pos": [129, 3]}, "130;3": {"type": "grass", "variant": 8, "pos": [130, 3]}, "130;2": {"type": "grass", "variant": 0, "pos": [130, 2]}, "131;2": {"type": "grass", "variant": 2, "pos": [131, 2]}, "131;3": {"type": "grass", "variant": 8, "pos": [131, 3]}, "131;4": {"type": "grass", "variant": 8, "pos": [131, 4]}, "130;4": {"type": "grass", "variant": 8, "pos": [130, 4]}, "129;5": {"type": "grass", "variant": 5, "pos": [129, 5]}, "129;4": {"type": "grass", "variant": 8, "pos": [129, 4]}, "132;3": {"type": "grass", "variant": 1, "pos": [132, 3]}, "133;3": {"type": "grass", "variant": 2, "pos": [133, 3]}, "133;4": {"type": "grass", "variant": 4, "pos": [133, 4]}, "132;4": {"type": "grass", "variant": 8, "pos": [132, 4]}, "131;5": {"type": "grass", "variant": 8, "pos": [131, 5]}, "130;5": {"type": "grass", "variant": 8, "pos": [130, 5]}, "128;5": {"type": "grass", "variant": 5, "pos": [128, 5]}, "132;5": {"type": "grass", "variant": 3, "pos": [132, 5]}, "132;6": {"type": "grass", "variant": 4, "pos": [132, 6]}, "131;6": {"type": "grass", "variant": 5, "pos": [131, 6]}, "130;6": {"type": "grass", "variant": 6, "pos": [130, 6]}, "138;9": {"type": "grass", "variant": 1, "pos": [138, 9]}, "137;9": {"type": "grass", "variant": 0, "pos": [137, 9]}, "138;10": {"type": "grass", "variant": 8, "pos": [138, 10]}, "139;10": {"type": "grass", "variant": 8, "pos": [139, 10]}, "140;10": {"type": "grass", "variant": 8, "pos": [140, 10]}, "140;9": {"type": "grass", "variant": 1, "pos": [140, 9]}, "139;9": {"type": "grass", "variant": 1, "pos": [139, 9]}, "138;11": {"type": "grass", "variant": 6, "pos": [138, 11]}, "139;11": {"type": "grass", "variant": 5, "pos": [139, 11]}, "140;11": {"type": "grass", "variant": 5, "pos": [140, 11]}, "141;11": {"type": "grass", "variant": 4, "pos": [141, 11]}, "141;10": {"type": "grass", "variant": 8, "pos": [141, 10]}, "142;10": {"type": "grass", "variant": 4, "pos": [142, 10]}, "142;9": {"type": "grass", "variant": 2, "pos": [142, 9]}, "141;9": {"type": "grass", "variant": 1, "pos": [141, 9]}, "137;10": {"type": "grass", "variant": 6, "pos": [137, 10]}, "127;5": {"type": "grass", "variant": 6, "pos": [127, 5]}, "25;12": {"type": "decor", "variant": 1, "pos": [25, 12]}, "26;12": {"type": "large_decor", "variant": 1, "pos": [26, 12]}, "27;12": {"type": "decor", "variant": 1, "pos": [27, 12]}, "28;12": {"type": "decor", "variant": 1, "pos": [28, 12]}, "29;12": {"type": "decor", "variant": 1, "pos": [29, 12]}, "33;14": {"type": "decor", "variant": 1, "pos": [33, 14]}, "34;14": {"type": "decor", "variant": 1, "pos": [34, 14]}, "38;15": {"type": "decor", "variant": 1, "pos": [38, 15]}, "43;14": {"type": "decor", "variant": 1, "pos": [43, 14]}, "47;13": {"type": "decor", "variant": 1, "pos": [47, 13]}, "52;15": {"type": "decor", "variant": 1, "pos": [52, 15]}, "55;16": {"type": "decor", "variant": 1, "pos": [55, 16]}, "56;16": {"type": "decor", "variant": 1, "pos": [56, 16]}, "58;16": {"type": "decor", "variant": 1, "pos": [58, 16]}, "60;15": {"type": "decor", "variant": 1, "pos": [60, 15]}, "59;15": {"type": "decor", "variant": 1, "pos": [59, 15]}, "63;15": {"type": "decor", "variant": 1, "pos": [63, 15]}, "65;14": {"type": "decor", "variant": 1, "pos": [65, 14]}, "69;12": {"type": "decor", "variant": 1, "pos": [69, 12]}, "74;10": {"type": "decor", "variant": 1, "pos": [74, 10]}, "75;10": {"type": "decor", "variant": 1, "pos": [75, 10]}, "77;9": {"type": "decor", "variant": 1, "pos": [77, 9]}, "82;5": {"type": "decor", "variant": 1, "pos": [82, 5]}, "88;6": {"type": "decor", "variant": 1, "pos": [88, 6]}, "90;6": {"type": "decor", "variant": 1, "pos": [90, 6]}, "91;6": {"type": "decor", "variant": 1, "pos": [91, 6]}, "96;3": {"type": "decor", "variant": 1, "pos": [96, 3]}, "98;2": {"type": "decor", "variant": 1, "pos": [98, 2]}, "101;3": {"type": "decor", "variant": 1, "pos": [101, 3]}, "100;2": {"type": "decor", "variant": 1, "pos": [100, 2]}, "105;4": {"type": "decor", "variant": 1, "pos": [105, 4]}, "108;4": {"type": "decor", "variant": 1, "pos": [108, 4]}, "110;4": {"type": "decor", "variant": 1, "pos": [110, 4]}, "112;4": {"type": "decor", "variant": 1, "pos": [112, 4]}, "111;4": {"type": "decor", "variant": 1, "pos": [111, 4]}, "119;3": {"type": "decor", "variant": 1, "pos": [119, 3]}, "117;4": {"type": "decor", "variant": 2, "pos": [117, 4]}, "116;4": {"type": "decor", "variant": 1, "pos": [116, 4]}, "122;4": {"type": "decor", "variant": 1, "pos": [122, 4]}, "121;3": {"type": "decor", "variant": 1, "pos": [121, 3]}, "120;3": {"type": "decor", "variant": 1, "pos": [120, 3]}, "126;3": {"type": "decor", "variant": 1, "pos": [126, 3]}, "128;2": {"type": "decor", "variant": 1, "pos": [128, 2]}, "129;2": {"type": "decor", "variant": 1, "pos": [129, 2]}, "132;2": {"type": "decor", "variant": 1, "pos": [132, 2]}, "131;1": {"type": "decor", "variant": 1, "pos": [131, 1]}, "138;8": {"type": "decor", "variant": 1, "pos": [138, 8]}, "139;8": {"type": "decor", "variant": 1, "pos": [139, 8]}, "142;8": {"type": "decor", "variant": 2, "pos": [142, 8]}, "141;8": {"type": "decor", "variant": 2, "pos": [141, 8]}, "137;8": {"type": "decor", "variant": 2, "pos": [137, 8]}, "130;1": {"type": "decor", "variant": 2, "pos": [130, 1]}, "109;4": {"type": "decor", "variant": 2, "pos": [109, 4]}, "107;4": {"type": "decor", "variant": 2, "pos": [107, 4]}, "97;2": {"type": "decor", "variant": 2, "pos": [97, 2]}, "94;4": {"type": "decor", "variant": 2, "pos": [94, 4]}, "89;6": {"type": "decor", "variant": 2, "pos": [89, 6]}, "83;4": {"type": "decor", "variant": 2, "pos": [83, 4]}, "78;8": {"type": "decor", "variant": 2, "pos": [78, 8]}, "73;11": {"type": "decor", "variant": 2, "pos": [73, 11]}, "57;16": {"type": "decor", "variant": 2, "pos": [57, 16]}, "140;6": {"type": "large_decor", "variant": 2, "pos": [140, 6]}, "145;0": {"type": "grass", "variant": 5, "pos": [145, 0]}, "145;1": {"type": "grass", "variant": 5, "pos": [145, 1]}, "144;-1": {"type": "grass", "variant": 5, "pos": [144, -1]}, "145;-1": {"type": "grass", "variant": 5, "pos": [145, -1]}, "146;-1": {"type": "grass", "variant": 5, "pos": [146, -1]}, "148;-1": {"type": "grass", "variant": 5, "pos": [148, -1]}, "148;0": {"type": "grass", "variant": 5, "pos": [148, 0]}, "148;1": {"type": "grass", "variant": 5, "pos": [148, 1]}, "149;0": {"type": "grass", "variant": 5, "pos": [149, 0]}, "150;-1": {"type": "grass", "variant": 5, "pos": [150, -1]}, "150;0": {"type": "grass", "variant": 5, "pos": [150, 0]}, "150;1": {"type": "grass", "variant": 5, "pos": [150, 1]}, "152;-1": {"type": "grass", "variant": 5, "pos": [152, -1]}, "152;0": {"type": "grass", "variant": 5, "pos": [152, 0]}, "152;1": {"type": "grass", "variant": 5, "pos": [152, 1]}, "144;3": {"type": "grass", "variant": 5, "pos": [144, 3]}, "144;4": {"type": "grass", "variant": 5, "pos": [144, 4]}, "144;5": {"type": "grass", "variant": 5, "pos": [144, 5]}, "148;3": {"type": "grass", "variant": 5, "pos": [148, 3]}, "148;4": {"type": "grass", "variant": 5, "pos": [148, 4]}, "148;5": {"type": "grass", "variant": 5, "pos": [148, 5]}, "150;3": {"type": "grass", "variant": 5, "pos": [150, 3]}, "150;4": {"type": "grass", "variant": 5, "pos": [150, 4]}, "150;5": {"type": "grass", "variant": 5, "pos": [150, 5]}, "152;3": {"type": "grass", "variant": 5, "pos": [152, 3]}, "152;4": {"type": "grass", "variant": 5, "pos": [152, 4]}, "152;5": {"type": "grass", "variant": 5, "pos": [152, 5]}}, "tile_size": 16, "offgrid": [{"type": "decor", "variant": 0, "pos": [237, 240]}, {"type": "decor", "variant": 0, "pos": [247, 240]}, {"type": "decor", "variant": 0, "pos": [257, 240]}, {"type": "decor", "variant": 0, "pos": [240, 227]}, {"type": "decor", "variant": 0, "pos": [250, 227]}, {"type": "large_decor", "variant": 1, "pos": [158, 145]}, {"type": "large_decor", "variant": 1, "pos": [184, 145]}, {"type": "large_decor", "variant": 1, "pos": [166, 134]}, {"type": "large_decor", "variant": 1, "pos": [181, 135]}, {"type": "large_decor", "variant": 1, "pos": [165, 141]}, {"type": "large_decor", "variant": 1, "pos": [212, 213]}, {"type": "large_decor", "variant": 1, "pos": [266, 212]}, {"type": "large_decor", "variant": 1, "pos": [257, 211]}, {"type": "large_decor", "variant": 1, "pos": [239, 212]}, {"type": "large_decor", "variant": 1, "pos": [219, 210]}, {"type": "large_decor", "variant": 1, "pos": [327, 147]}, {"type": "spawners", "variant": 0, "pos": [247, 175]}, {"type": "spawners", "variant": 2, "pos": [66, 159]}, {"type": "spawners", "variant": 1, "pos": [84, 153]}, {"type": "spawners", "variant": 1, "pos": [751, 202]}, {"type": "spawners", "variant": 1, "pos": [542, 217]}, {"type": "spawners", "variant": 1, "pos": [439, 186]}, {"type": "spawners", "variant": 2, "pos": [616, 237]}, {"type": "spawners", "variant": 2, "pos": [740, 207]}, {"type": "spawners", "variant": 1, "pos": [858, 250]}, {"type": "spawners", "variant": 1, "pos": [887, 250]}, {"type": "spawners", "variant": 1, "pos": [917, 249]}, {"type": "spawners", "variant": 1, "pos": [1110, 187]}, {"type": "spawners", "variant": 1, "pos": [1255, 122]}, {"type": "spawners", "variant": 1, "pos": [1341, 59]}, {"type": "spawners", "variant": 1, "pos": [1437, 90]}, {"type": "spawners", "variant": 1, "pos": [1577, 26]}, {"type": "large_decor", "variant": 1, "pos": [670, 225]}, {"type": "large_decor", "variant": 1, "pos": [851, 259]}, {"type": "large_decor", "variant": 1, "pos": [898, 256]}, {"type": "large_decor", "variant": 1, "pos": [1009, 240]}, {"type": "large_decor", "variant": 1, "pos": [1084, 209]}, {"type": "large_decor", "variant": 1, "pos": [1450, 96]}, {"type": "large_decor", "variant": 2, "pos": [1401, 64]}, {"type": "large_decor", "variant": 2, "pos": [1504, 16]}, {"type": "large_decor", "variant": 2, "pos": [1576, 0]}, {"type": "large_decor", "variant": 2, "pos": [1679, 33]}, {"type": "large_decor", "variant": 2, "pos": [1745, 32]}, {"type": "large_decor", "variant": 2, "pos": [1890, 16]}, {"type": "large_decor", "variant": 2, "pos": [1940, 32]}, {"type": "large_decor", "variant": 2, "pos": [1845, 32]}, {"type": "large_decor", "variant": 2, "pos": [2038, 0]}, {"type": "large_decor", "variant": 2, "pos": [2103, 1]}, {"type": "large_decor", "variant": 2, "pos": [2190, 96]}, {"type": "large_decor", "variant": 1, "pos": [1707, 64]}, {"type": "large_decor", "variant": 1, "pos": [1783, 64]}, {"type": "large_decor", "variant": 1, "pos": [1664, 66]}, {"type": "large_decor", "variant": 1, "pos": [1522, 49]}, {"type": "large_decor", "variant": 1, "pos": [1295, 98]}, {"type": "decor", "variant": 0, "pos": [818, 240]}, {"type": "decor", "variant": 0, "pos": [832, 240]}, {"type": "decor", "variant": 0, "pos": [820, 227]}, {"type": "decor", "variant": 0, "pos": [834, 227]}, {"type": "decor", "variant": 0, "pos": [817, 214]}, {"type": "decor", "variant": 0, "pos": [833, 214]}, {"type": "decor", "variant": 0, "pos": [825, 201]}, {"type": "decor", "variant": 0, "pos": [945, 239]}, {"type": "decor", "variant": 0, "pos": [557, 224]}, {"type": "decor", "variant": 0, "pos": [351, 144]}, {"type": "decor", "variant": 0, "pos": [1424, 96]}, {"type": "decor", "variant": 0, "pos": [1747, 64]}, {"type": "decor", "variant": 0, "pos": [1872, 64]}, {"type": "decor", "variant": 0, "pos": [2024, 48]}, {"type": "decor", "variant": 0, "pos": [2021, 35]}, {"type": "spawners", "variant": 2, "pos": [876, 254]}, {"type": "spawners", "variant": 2, "pos": [1280, 145]}, {"type": "spawners", "variant": 1, "pos": [1690, 59]}, {"type": "spawners", "variant": 1, "pos": [1712, 59]}, {"type": "spawners", "variant": 1, "pos": [1732, 59]}, {"type": "spawners", "variant": 1, "pos": [1754, 58]}, {"type": "spawners", "variant": 1, "pos": [1781, 59]}, {"type": "spawners", "variant": 2, "pos": [1771, 64]}, {"type": "spawners", "variant": 2, "pos": [1922, 48]}, {"type": "spawners", "variant": 1, "pos": [2086, 9]}, {"type": "decor", "variant": 0, "pos": [2222, 128]}, {"type": "decor", "variant": 0, "pos": [2238, 128]}, {"type": "decor", "variant": 0, "pos": [2231, 115]}, {"type": "grass", "variant": 5, "pos": [2442, -20]}, {"type": "grass", "variant": 5, "pos": [2457, -20]}, {"type": "grass", "variant": 5, "pos": [2444, 0]}, {"type": "grass", "variant": 5, "pos": [2457, 0]}, {"type": "grass", "variant": 5, "pos": [2443, 20]}, {"type": "grass", "variant": 5, "pos": [2457, 20]}, {"type": "grass", "variant": 5, "pos": [2432, -20]}, {"type": "grass", "variant": 5, "pos": [2432, 20]}, {"type": "grass", "variant": 5, "pos": [2304, 44]}, {"type": "grass", "variant": 5, "pos": [2304, 85]}, {"type": "grass", "variant": 5, "pos": [2319, 44]}, {"type": "grass", "variant": 5, "pos": [2334, 44]}, {"type": "grass", "variant": 5, "pos": [2320, 85]}, {"type": "grass", "variant": 5, "pos": [2335, 85]}, {"type": "grass", "variant": 5, "pos": [2319, 65]}, {"type": "grass", "variant": 5, "pos": [2334, 65]}, {"type": "grass", "variant": 5, "pos": [2400, -20]}, {"type": "grass", "variant": 5, "pos": [2368, -20]}, {"type": "grass", "variant": 5, "pos": [2336, -20]}, {"type": "grass", "variant": 5, "pos": [2320, -19]}, {"type": "grass", "variant": 5, "pos": [2321, -20]}, {"type": "grass", "variant": 5, "pos": [2305, -20]}, {"type": "grass", "variant": 5, "pos": [2304, -20]}, {"type": "grass", "variant": 5, "pos": [2400, 20]}, {"type": "grass", "variant": 5, "pos": [2368, 20]}, {"type": "grass", "variant": 5, "pos": [2320, 20]}, {"type": "grass", "variant": 5, "pos": [2368, 44]}, {"type": "grass", "variant": 5, "pos": [2400, 44]}, {"type": "grass", "variant": 5, "pos": [2374, 48]}, {"type": "grass", "variant": 5, "pos": [2380, 59]}, {"type": "grass", "variant": 5, "pos": [2391, 71]}, {"type": "grass", "variant": 5, "pos": [2368, 85]}, {"type": "grass", "variant": 5, "pos": [2400, 85]}, {"type": "grass", "variant": 5, "pos": [2432, 44]}, {"type": "grass", "variant": 5, "pos": [2432, 85]}, {"type": "grass", "variant": 5, "pos": [2448, 44]}, {"type": "grass", "variant": 5, "pos": [2448, 85]}, {"type": "grass", "variant": 5, "pos": [2464, 78]}, {"type": "grass", "variant": 5, "pos": [2464, 63]}, {"type": "grass", "variant": 5, "pos": [2464, 53]}]}